기간,HS코드,품목명,수출 중량,수출 금액,수입 중량,수입 금액,무역수지
2012-06,8542,전자집적회로,1656.0,3495347,679.3,1977284,1518063
2012-07,8542,전자집적회로,1561.0,3165838,719.8,2008440,1157398
2012-08,8542,전자집적회로,1471.8,3352152,692.1,2055424,1296729
2012-09,8542,전자집적회로,1493.3,3736281,728.6,2271579,1464702
2012-10,8542,전자집적회로,1465.2,3955107,737.0,2671877,1283231
2012-11,8542,전자집적회로,1451.2,3892894,724.6,2203827,1689067
2012-12,8542,전자집적회로,1388.1,3641031,673.6,2037326,1603705
2013-01,8542,전자집적회로,1382.7,3318003,697.4,2241651,1076353
2013-02,8542,전자집적회로,1326.6,3215525,598.8,1868915,1346610
2013-03,8542,전자집적회로,1497.3,3761991,733.2,2371636,1390355
2013-04,8542,전자집적회로,1508.9,3431680,735.8,2323563,1108116
2013-05,8542,전자집적회로,1531.7,3958353,724.3,2446882,1511471
2013-06,8542,전자집적회로,1455.6,3748868,678.9,2140823,1608045
2013-07,8542,전자집적회로,1488.5,3911117,736.6,2257999,1653118
2013-08,8542,전자집적회로,1414.2,4107571,660.7,2181767,1925804
2013-09,8542,전자집적회로,1365.1,4607173,692.5,2630895,1976279
2013-10,8542,전자집적회로,1407.4,4546739,695.9,2794376,1752363
2013-11,8542,전자집적회로,1454.1,4205763,637.7,2291047,1914715
2013-12,8542,전자집적회로,1280.1,4305262,648.7,2258981,2046281
2014-01,8542,전자집적회로,1201.8,3819829,670.9,2439922,1379908
2014-02,8542,전자집적회로,1247.6,3626641,603.1,2098140,1528501
2014-03,8542,전자집적회로,1333.2,4277112,679.7,2485199,1791913
2014-04,8542,전자집적회로,1347.0,3990770,681.1,2360390,1630380
2014-05,8542,전자집적회로,1315.0,4050899,638.9,2099422,1951477
2014-06,8542,전자집적회로,1383.8,4294994,663.4,2406240,1888754
2014-07,8542,전자집적회로,1456.5,3980781,666.1,2532953,1447828
2014-08,8542,전자집적회로,1262.1,4326908,646.5,2439180,1887728
2014-09,8542,전자집적회로,1282.2,4819681,697.7,2770511,2049171
2014-10,8542,전자집적회로,1278.6,4926236,692.7,2729220,2197016
2014-11,8542,전자집적회로,1102.1,4743458,621.0,2626058,2117400
2014-12,8542,전자집적회로,1157.3,4686515,667.2,2937894,1748621
2015-01,8542,전자집적회로,1159.0,4246419,657.6,2755420,1490999
2015-02,8542,전자집적회로,1023.7,3817635,590.5,2318832,1498803
2015-03,8542,전자집적회로,1195.8,4383367,715.7,2637801,1745566
2015-04,8542,전자집적회로,1120.3,4272165,651.0,2588830,1683335
2015-05,8542,전자집적회로,1136.3,4266424,594.5,2416911,1849514
2015-06,8542,전자집적회로,1168.5,4302402,633.1,2436668,1865734
2015-07,8542,전자집적회로,1147.6,4239047,670.6,2694532,1544515
2015-08,8542,전자집적회로,1056.6,4575513,588.3,2621950,1953563
2015-09,8542,전자집적회로,1036.1,4957511,641.5,2975647,1981863
2015-10,8542,전자집적회로,1001.9,4710802,665.1,3008355,1702447
2015-11,8542,전자집적회로,1032.6,4387909,587.3,2805294,1582615
2015-12,8542,전자집적회로,999.3,4014211,555.1,2348214,1665997
2016-01,8542,전자집적회로,967.1,3755801,570.6,2295286,1460515
2016-02,8542,전자집적회로,929.6,3451487,544.8,2423285,1028202
2016-03,8542,전자집적회로,1123.9,4403043,630.7,2778038,1625006
2016-04,8542,전자집적회로,1034.7,3797745,576.6,2332694,1465050
2016-05,8542,전자집적회로,1072.7,4004915,577.0,2396313,1608602
2016-06,8542,전자집적회로,1045.9,4383322,598.5,2450440,1932882
2016-07,8542,전자집적회로,1062.3,4222263,610.0,2481315,1740949
2016-08,8542,전자집적회로,1105.2,4780633,638.4,2561885,2218748
2016-09,8542,전자집적회로,1132.1,4811227,620.4,2452427,2358799
2016-10,8542,전자집적회로,1133.9,4704878,608.2,2456648,2248230
2016-11,8542,전자집적회로,1121.4,4962013,611.0,2567453,2394560
2016-12,8542,전자집적회로,1059.7,5002926,611.9,2723288,2279638
2017-01,8542,전자집적회로,1126.4,5546707,612.8,2497121,3049586
2017-02,8542,전자집적회로,1135.3,5636165,595.7,2454771,3181394
2017-03,8542,전자집적회로,1265.8,6616218,682.1,3053799,3562420
2017-04,8542,전자집적회로,1143.4,6233253,592.7,2452356,3780897
2017-05,8542,전자집적회로,1192.9,6564895,603.3,2679086,3885809
2017-06,8542,전자집적회로,1222.7,7013438,635.4,2595654,4417784
2017-07,8542,전자집적회로,1214.7,6895110,635.0,2746304,4148807
2017-08,8542,전자집적회로,1287.8,7590121,628.6,3008248,4581873
2017-09,8542,전자집적회로,1369.0,8432622,649.3,3151530,5281092
2017-10,8542,전자집적회로,1271.1,8449567,573.3,3188910,5260657
2017-11,8542,전자집적회로,1406.3,8527311,590.8,2895200,5632111
2017-12,8542,전자집적회로,1248.4,8597744,573.6,2663640,5934103
2018-01,8542,전자집적회로,1333.0,8553522,595.8,2833893,5719629
2018-02,8542,전자집적회로,1160.4,7974256,499.3,2572169,5402087
2018-03,8542,전자집적회로,1311.6,9657374,622.0,3042938,6614436
2018-04,8542,전자집적회로,1361.3,8570246,593.3,2832859,5737387
2018-05,8542,전자집적회로,1456.6,9434801,603.7,2740023,6694778
2018-06,8542,전자집적회로,1342.4,9645336,616.4,2854280,6791056
2018-07,8542,전자집적회로,1448.9,9052742,624.0,3061335,5991407
2018-08,8542,전자집적회로,1420.6,10097411,626.7,3007725,7089686
2018-09,8542,전자집적회로,1383.2,10984395,598.9,2624141,8360254
2018-10,8542,전자집적회로,1392.4,10030449,620.0,3039866,6990583
2018-11,8542,전자집적회로,1281.8,8786746,613.7,2954957,5831789
2018-12,8542,전자집적회로,1189.2,6989097,584.0,2958676,4030421
2019-01,8542,전자집적회로,1233.2,6178164,596.1,2805518,3372646
2019-02,8542,전자집적회로,1048.2,5695098,457.2,2361002,3334096
2019-03,8542,전자집적회로,1208.9,7481028,559.1,2926850,4554178
2019-04,8542,전자집적회로,1298.0,7124799,583.0,3091922,4032877
2019-05,8542,전자집적회로,1294.7,6238358,576.1,3321279,2917079
2019-06,8542,전자집적회로,1294.3,7025616,544.8,2928088,4097528
2019-07,8542,전자집적회로,1387.0,6397857,599.3,3435190,2962667
2019-08,8542,전자집적회로,1314.5,6793208,582.5,3011076,3782132
2019-09,8542,전자집적회로,1345.0,7187462,592.3,3048425,4139036
2019-10,8542,전자집적회로,1412.9,6669670,533.4,2873182,3796487
2019-11,8542,전자집적회로,1278.8,6207504,522.6,2865971,3341533
2019-12,8542,전자집적회로,1222.7,6077768,548.0,3034733,3043036
2020-01,8542,전자집적회로,1330.5,6116206,508.9,2922603,3193604
2020-02,8542,전자집적회로,1290.8,6265464,517.6,3168350,3097113
2020-03,8542,전자집적회로,1470.5,7222833,601.1,3309635,3913199
2020-04,8542,전자집적회로,1284.1,5735664,539.8,2887594,2848070
2020-05,8542,전자집적회로,1226.9,6634491,519.7,3223981,3410510
2020-06,8542,전자집적회로,1342.3,6725177,564.5,3068858,3656318
2020-07,8542,전자집적회로,1388.5,6634878,590.1,3595378,3039501
2020-08,8542,전자집적회로,1490.0,7032612,559.6,3439547,3593065
2020-09,8542,전자집적회로,1607.8,7844779,598.6,3464030,4380748
2020-10,8542,전자집적회로,1570.3,7453430,597.0,3799005,3654425
2020-11,8542,전자집적회로,1607.6,7363796,627.5,3720097,3643699
2020-12,8542,전자집적회로,1581.5,7855025,656.8,3678068,4176957
2021-01,8542,전자집적회로,1606.6,7369203,654.5,3643837,3725366
2021-02,8542,전자집적회로,1530.7,7197469,582.4,3311844,3885625
2021-03,8542,전자집적회로,1745.4,8142641,747.9,3780525,4362116
2021-04,8542,전자집적회로,1696.8,7884261,723.4,3777214,4107047
2021-05,8542,전자집적회로,1735.2,8663511,713.6,3888936,4774575
2021-06,8542,전자집적회로,1710.6,9512805,724.9,3950277,5562529
2021-07,8542,전자집적회로,1716.6,9272408,759.3,4341975,4930433
2021-08,8542,전자집적회로,1807.6,10034268,756.0,4469684,5564584
2021-09,8542,전자집적회로,1783.8,10527185,793.5,4388103,6139082
2021-10,8542,전자집적회로,1785.0,9618445,791.0,4489263,5129182
2021-11,8542,전자집적회로,1772.3,10328898,822.5,5102126,5226772
2021-12,8542,전자집적회로,1755.0,10745587,866.0,5195992,5549595
2022-01,8542,전자집적회로,1758.6,9440305,782.2,4483921,4956384
2022-02,8542,전자집적회로,1710.3,8957655,696.8,4485562,4472093
2022-03,8542,전자집적회로,1956.8,11267855,793.2,4873093,6394762
2022-04,8542,전자집적회로,1815.2,9369479,723.2,4810196,4559282
2022-05,8542,전자집적회로,1826.1,9904711,759.0,4962491,4942220
2022-06,8542,전자집적회로,1842.9,10612180,837.3,5644530,4967650
2022-07,8542,전자집적회로,1716.9,9987956,814.3,5511960,4475995
2022-08,8542,전자집적회로,1763.3,9664679,782.4,5687218,3977461
2022-09,8542,전자집적회로,1822.4,9874238,732.0,5714383,4159856
2022-10,8542,전자집적회로,1740.2,8377036,689.9,5650566,2726469
2022-11,8542,전자집적회로,1585.6,7686486,670.2,5778672,1907814
2022-12,8542,전자집적회로,1587.9,7704581,640.8,4797665,2906917
2023-01,8542,전자집적회로,1448.4,5424534,611.6,4268834,1155700
2023-02,8542,전자집적회로,1360.7,5329421,590.0,4156574,1172847
2023-03,8542,전자집적회로,1646.5,7405308,682.6,4569454,2835854
2023-04,8542,전자집적회로,1449.1,5762709,653.2,3888782,1873927
2023-05,8542,전자집적회로,1524.9,6687921,691.4,4274876,2413045
2023-06,8542,전자집적회로,1560.2,7832258,706.0,4398401,3433857
2023-07,8542,전자집적회로,1423.7,6543938,686.0,4396032,2147907
2023-08,8542,전자집적회로,1577.1,7712699,622.9,4403018,3309681
2023-09,8542,전자집적회로,1565.5,8438819,602.6,4240472,4198346
2023-10,8542,전자집적회로,1501.7,7829558,675.3,4600495,3229064
2023-11,8542,전자집적회로,1504.3,8163008,640.0,4298069,3864939
2023-12,8542,전자집적회로,1449.6,9004382,619.1,4190855,4813526
2024-01,8542,전자집적회로,1473.2,8203889,667.0,4597593,3606296
2024-02,8542,전자집적회로,1397.6,8619441,560.3,4480894,4138547
2024-03,8542,전자집적회로,1465.0,9582279,681.3,4777338,4804941
2024-04,8542,전자집적회로,1456.1,8623165,672.1,4841053,3782112
2024-05,8542,전자집적회로,1502.4,9814341,670.6,4960409,4853932
2024-06,8542,전자집적회로,1507.9,11217510,720.4,4291064,6926446
2024-07,8542,전자집적회로,1509.1,9734764,707.2,5094512,4640252
2024-08,8542,전자집적회로,1500.8,10133553,650.0,5170609,4962944
2024-09,8542,전자집적회로,1533.4,11327045,655.1,5430870,5896175
2024-10,8542,전자집적회로,1495.5,10837727,639.9,5626370,5211356
2024-11,8542,전자집적회로,1509.6,10423528,594.7,5441888,4981640
2024-12,8542,전자집적회로,1493.0,11672044,647.8,5779507,5892538
2025-01,8542,전자집적회로,1365.9,8268990,592.8,4922065,3346925
2025-02,8542,전자집적회로,1383.5,8112392,621.7,4754489,3357902
2025-03,8542,전자집적회로,1569.0,10455178,660.2,5306332,5148846
2025-04,8542,전자집적회로,1590.0,9775948,645.1,4736529,5039419
2025-05,8542,전자집적회로,1579.6,11574557,665.4,4618991,6955566
2025-06,8542,전자집적회로,1605.4,12255310,656.3,5102301,7153009
2025-07,8542,전자집적회로,1699.8,12288714,701.1,5371662,6917052
2025-08,8542,전자집적회로,1653.5,12615815,610.9,5185581,7430234
2025-09,8542,전자집적회로,1765.4,13623717,678.3,5078176,8545541
2025-10,8542,전자집적회로,1592.1,13175852,595.1,5279861,7895991
2025-11,8542,전자집적회로,1532.4,13954468,584.9,5103590,8850878
2025-12,8542,전자집적회로,1645.4,16726110,669.8,6236293,10489817
2026-01,8542,전자집적회로,1662.4,16403459,642.6,6129448,10274010
2026-02,8542,전자집적회로,1472.9,19449479,526.9,5647704,13801776
2026-03,8542,전자집적회로,1769.9,24906009,690.0,7215735,17690275
2026-04,8542,전자집적회로,1746.8,25239578,670.1,7589676,17649902
2026-05,8542,전자집적회로,1638.6,29434565,601.2,7682997,21751568
2026-06,8542,전자집적회로,1748.7,33567818,692.5,8823689,24744130
