date,value,source
1971-01-08,0.599,fred
1971-01-15,0.631,fred
1971-01-22,0.668,fred
1971-01-29,0.708,fred
1971-02-05,0.751,fred
1971-02-12,0.794,fred
1971-02-19,0.837,fred
1971-02-26,0.879,fred
1971-03-05,0.922,fred
1971-03-12,0.968,fred
1971-03-19,1.019,fred
1971-03-26,1.078,fred
1971-04-02,1.145,fred
1971-04-09,1.217,fred
1971-04-16,1.292,fred
1971-04-23,1.362,fred
1971-04-30,1.42,fred
1971-05-07,1.459,fred
1971-05-14,1.47,fred
1971-05-21,1.449,fred
1971-05-28,1.396,fred
1971-06-04,1.317,fred
1971-06-11,1.219,fred
1971-06-18,1.118,fred
1971-06-25,1.03,fred
1971-07-02,0.973,fred
1971-07-09,0.961,fred
1971-07-16,1.004,fred
1971-07-23,1.104,fred
1971-07-30,1.256,fred
1971-08-06,1.446,fred
1971-08-13,1.653,fred
1971-08-20,1.857,fred
1971-08-27,2.03,fred
1971-09-03,2.159,fred
1971-09-10,2.228,fred
1971-09-17,2.238,fred
1971-09-24,2.192,fred
1971-10-01,2.099,fred
1971-10-08,1.975,fred
1971-10-15,1.836,fred
1971-10-22,1.699,fred
1971-10-29,1.578,fred
1971-11-05,1.482,fred
1971-11-12,1.416,fred
1971-11-19,1.378,fred
1971-11-26,1.362,fred
1971-12-03,1.359,fred
1971-12-10,1.362,fred
1971-12-17,1.359,fred
1971-12-24,1.343,fred
1971-12-31,1.31,fred
1972-01-07,1.252,fred
1972-01-14,1.177,fred
1972-01-21,1.086,fred
1972-01-28,0.986,fred
1972-02-04,0.883,fred
1972-02-11,0.783,fred
1972-02-18,0.69,fred
1972-02-25,0.607,fred
1972-03-03,0.535,fred
1972-03-10,0.475,fred
1972-03-17,0.424,fred
1972-03-24,0.378,fred
1972-03-31,0.335,fred
1972-04-07,0.291,fred
1972-04-14,0.245,fred
1972-04-21,0.197,fred
1972-04-28,0.149,fred
1972-05-05,0.104,fred
1972-05-12,0.067,fred
1972-05-19,0.041,fred
1972-05-26,0.031,fred
1972-06-02,0.039,fred
1972-06-09,0.064,fred
1972-06-16,0.105,fred
1972-06-23,0.157,fred
1972-06-30,0.213,fred
1972-07-07,0.264,fred
1972-07-14,0.305,fred
1972-07-21,0.329,fred
1972-07-28,0.333,fred
1972-08-04,0.314,fred
1972-08-11,0.276,fred
1972-08-18,0.221,fred
1972-08-25,0.157,fred
1972-09-01,0.088,fred
1972-09-08,0.024,fred
1972-09-15,-0.033,fred
1972-09-22,-0.078,fred
1972-09-29,-0.112,fred
1972-10-06,-0.136,fred
1972-10-13,-0.153,fred
1972-10-20,-0.166,fred
1972-10-27,-0.179,fred
1972-11-03,-0.195,fred
1972-11-10,-0.213,fred
1972-11-17,-0.233,fred
1972-11-24,-0.254,fred
1972-12-01,-0.271,fred
1972-12-08,-0.28,fred
1972-12-15,-0.277,fred
1972-12-22,-0.255,fred
1972-12-29,-0.209,fred
1973-01-05,-0.136,fred
1973-01-12,-0.034,fred
1973-01-19,0.095,fred
1973-01-26,0.247,fred
1973-02-02,0.415,fred
1973-02-09,0.589,fred
1973-02-16,0.758,fred
1973-02-23,0.913,fred
1973-03-02,1.044,fred
1973-03-09,1.146,fred
1973-03-16,1.217,fred
1973-03-23,1.26,fred
1973-03-30,1.278,fred
1973-04-06,1.275,fred
1973-04-13,1.259,fred
1973-04-20,1.234,fred
1973-04-27,1.206,fred
1973-05-04,1.178,fred
1973-05-11,1.154,fred
1973-05-18,1.135,fred
1973-05-25,1.124,fred
1973-06-01,1.124,fred
1973-06-08,1.138,fred
1973-06-15,1.169,fred
1973-06-22,1.218,fred
1973-06-29,1.287,fred
1973-07-06,1.375,fred
1973-07-13,1.482,fred
1973-07-20,1.602,fred
1973-07-27,1.732,fred
1973-08-03,1.864,fred
1973-08-10,1.993,fred
1973-08-17,2.114,fred
1973-08-24,2.22,fred
1973-08-31,2.308,fred
1973-09-07,2.372,fred
1973-09-14,2.41,fred
1973-09-21,2.423,fred
1973-09-28,2.413,fred
1973-10-05,2.381,fred
1973-10-12,2.336,fred
1973-10-19,2.284,fred
1973-10-26,2.233,fred
1973-11-02,2.188,fred
1973-11-09,2.155,fred
1973-11-16,2.132,fred
1973-11-23,2.114,fred
1973-11-30,2.091,fred
1973-12-07,2.053,fred
1973-12-14,1.989,fred
1973-12-21,1.893,fred
1973-12-28,1.765,fred
1974-01-04,1.604,fred
1974-01-11,1.422,fred
1974-01-18,1.227,fred
1974-01-25,1.032,fred
1974-02-01,0.849,fred
1974-02-08,0.689,fred
1974-02-15,0.563,fred
1974-02-22,0.48,fred
1974-03-01,0.443,fred
1974-03-08,0.458,fred
1974-03-15,0.525,fred
1974-03-22,0.646,fred
1974-03-29,0.816,fred
1974-04-05,1.031,fred
1974-04-12,1.288,fred
1974-04-19,1.579,fred
1974-04-26,1.9,fred
1974-05-03,2.243,fred
1974-05-10,2.601,fred
1974-05-17,2.968,fred
1974-05-24,3.335,fred
1974-05-31,3.693,fred
1974-06-07,4.036,fred
1974-06-14,4.352,fred
1974-06-21,4.633,fred
1974-06-28,4.867,fred
1974-07-05,5.045,fred
1974-07-12,5.161,fred
1974-07-19,5.213,fred
1974-07-26,5.206,fred
1974-08-02,5.151,fred
1974-08-09,5.055,fred
1974-08-16,4.933,fred
1974-08-23,4.792,fred
1974-08-30,4.643,fred
1974-09-06,4.488,fred
1974-09-13,4.331,fred
1974-09-20,4.17,fred
1974-09-27,4.002,fred
1974-10-04,3.828,fred
1974-10-11,3.647,fred
1974-10-18,3.466,fred
1974-10-25,3.294,fred
1974-11-01,3.139,fred
1974-11-08,3.006,fred
1974-11-15,2.898,fred
1974-11-22,2.811,fred
1974-11-29,2.741,fred
1974-12-06,2.678,fred
1974-12-13,2.614,fred
1974-12-20,2.541,fred
1974-12-27,2.452,fred
1975-01-03,2.342,fred
1975-01-10,2.211,fred
1975-01-17,2.063,fred
1975-01-24,1.904,fred
1975-01-31,1.74,fred
1975-02-07,1.576,fred
1975-02-14,1.42,fred
1975-02-21,1.273,fred
1975-02-28,1.136,fred
1975-03-07,1.01,fred
1975-03-14,0.894,fred
1975-03-21,0.786,fred
1975-03-28,0.684,fred
1975-04-04,0.585,fred
1975-04-11,0.488,fred
1975-04-18,0.392,fred
1975-04-25,0.298,fred
1975-05-02,0.208,fred
1975-05-09,0.124,fred
1975-05-16,0.047,fred
1975-05-23,-0.02,fred
1975-05-30,-0.074,fred
1975-06-06,-0.116,fred
1975-06-13,-0.145,fred
1975-06-20,-0.163,fred
1975-06-27,-0.171,fred
1975-07-04,-0.172,fred
1975-07-11,-0.169,fred
1975-07-18,-0.164,fred
1975-07-25,-0.156,fred
1975-08-01,-0.146,fred
1975-08-08,-0.133,fred
1975-08-15,-0.117,fred
1975-08-22,-0.096,fred
1975-08-29,-0.07,fred
1975-09-05,-0.041,fred
1975-09-12,-0.008,fred
1975-09-19,0.027,fred
1975-09-26,0.061,fred
1975-10-03,0.093,fred
1975-10-10,0.119,fred
1975-10-17,0.139,fred
1975-10-24,0.151,fred
1975-10-31,0.154,fred
1975-11-07,0.148,fred
1975-11-14,0.131,fred
1975-11-21,0.103,fred
1975-11-28,0.064,fred
1975-12-05,0.014,fred
1975-12-12,-0.046,fred
1975-12-19,-0.113,fred
1975-12-26,-0.186,fred
1976-01-02,-0.261,fred
1976-01-09,-0.336,fred
1976-01-16,-0.408,fred
1976-01-23,-0.474,fred
1976-01-30,-0.533,fred
1976-02-06,-0.585,fred
1976-02-13,-0.628,fred
1976-02-20,-0.665,fred
1976-02-27,-0.694,fred
1976-03-05,-0.717,fred
1976-03-12,-0.733,fred
1976-03-19,-0.742,fred
1976-03-26,-0.743,fred
1976-04-02,-0.736,fred
1976-04-09,-0.72,fred
1976-04-16,-0.696,fred
1976-04-23,-0.664,fred
1976-04-30,-0.627,fred
1976-05-07,-0.587,fred
1976-05-14,-0.548,fred
1976-05-21,-0.513,fred
1976-05-28,-0.485,fred
1976-06-04,-0.466,fred
1976-06-11,-0.459,fred
1976-06-18,-0.463,fred
1976-06-25,-0.478,fred
1976-07-02,-0.5,fred
1976-07-09,-0.529,fred
1976-07-16,-0.56,fred
1976-07-23,-0.592,fred
1976-07-30,-0.623,fred
1976-08-06,-0.65,fred
1976-08-13,-0.674,fred
1976-08-20,-0.693,fred
1976-08-27,-0.707,fred
1976-09-03,-0.717,fred
1976-09-10,-0.723,fred
1976-09-17,-0.725,fred
1976-09-24,-0.724,fred
1976-10-01,-0.72,fred
1976-10-08,-0.714,fred
1976-10-15,-0.707,fred
1976-10-22,-0.698,fred
1976-10-29,-0.688,fred
1976-11-05,-0.679,fred
1976-11-12,-0.671,fred
1976-11-19,-0.666,fred
1976-11-26,-0.666,fred
1976-12-03,-0.671,fred
1976-12-10,-0.684,fred
1976-12-17,-0.703,fred
1976-12-24,-0.729,fred
1976-12-31,-0.761,fred
1977-01-07,-0.797,fred
1977-01-14,-0.834,fred
1977-01-21,-0.869,fred
1977-01-28,-0.9,fred
1977-02-04,-0.925,fred
1977-02-11,-0.941,fred
1977-02-18,-0.948,fred
1977-02-25,-0.945,fred
1977-03-04,-0.933,fred
1977-03-11,-0.913,fred
1977-03-18,-0.886,fred
1977-03-25,-0.853,fred
1977-04-01,-0.816,fred
1977-04-08,-0.776,fred
1977-04-15,-0.735,fred
1977-04-22,-0.693,fred
1977-04-29,-0.651,fred
1977-05-06,-0.612,fred
1977-05-13,-0.577,fred
1977-05-20,-0.546,fred
1977-05-27,-0.522,fred
1977-06-03,-0.504,fred
1977-06-10,-0.494,fred
1977-06-17,-0.488,fred
1977-06-24,-0.488,fred
1977-07-01,-0.492,fred
1977-07-08,-0.498,fred
1977-07-15,-0.504,fred
1977-07-22,-0.509,fred
1977-07-29,-0.512,fred
1977-08-05,-0.51,fred
1977-08-12,-0.505,fred
1977-08-19,-0.496,fred
1977-08-26,-0.484,fred
1977-09-02,-0.469,fred
1977-09-09,-0.45,fred
1977-09-16,-0.428,fred
1977-09-23,-0.402,fred
1977-09-30,-0.375,fred
1977-10-07,-0.347,fred
1977-10-14,-0.319,fred
1977-10-21,-0.292,fred
1977-10-28,-0.267,fred
1977-11-04,-0.246,fred
1977-11-11,-0.23,fred
1977-11-18,-0.219,fred
1977-11-25,-0.214,fred
1977-12-02,-0.214,fred
1977-12-09,-0.219,fred
1977-12-16,-0.229,fred
1977-12-23,-0.243,fred
1977-12-30,-0.258,fred
1978-01-06,-0.273,fred
1978-01-13,-0.286,fred
1978-01-20,-0.294,fred
1978-01-27,-0.296,fred
1978-02-03,-0.289,fred
1978-02-10,-0.274,fred
1978-02-17,-0.25,fred
1978-02-24,-0.216,fred
1978-03-03,-0.175,fred
1978-03-10,-0.128,fred
1978-03-17,-0.074,fred
1978-03-24,-0.017,fred
1978-03-31,0.042,fred
1978-04-07,0.104,fred
1978-04-14,0.167,fred
1978-04-21,0.231,fred
1978-04-28,0.295,fred
1978-05-05,0.358,fred
1978-05-12,0.418,fred
1978-05-19,0.475,fred
1978-05-26,0.526,fred
1978-06-02,0.571,fred
1978-06-09,0.607,fred
1978-06-16,0.633,fred
1978-06-23,0.649,fred
1978-06-30,0.653,fred
1978-07-07,0.645,fred
1978-07-14,0.627,fred
1978-07-21,0.6,fred
1978-07-28,0.568,fred
1978-08-04,0.534,fred
1978-08-11,0.504,fred
1978-08-18,0.484,fred
1978-08-25,0.481,fred
1978-09-01,0.502,fred
1978-09-08,0.551,fred
1978-09-15,0.633,fred
1978-09-22,0.746,fred
1978-09-29,0.89,fred
1978-10-06,1.056,fred
1978-10-13,1.238,fred
1978-10-20,1.423,fred
1978-10-27,1.601,fred
1978-11-03,1.757,fred
1978-11-10,1.885,fred
1978-11-17,1.977,fred
1978-11-24,2.027,fred
1978-12-01,2.037,fred
1978-12-08,2.007,fred
1978-12-15,1.941,fred
1978-12-22,1.846,fred
1978-12-29,1.726,fred
1979-01-05,1.589,fred
1979-01-12,1.441,fred
1979-01-19,1.287,fred
1979-01-26,1.134,fred
1979-02-02,0.987,fred
1979-02-09,0.848,fred
1979-02-16,0.721,fred
1979-02-23,0.606,fred
1979-03-02,0.507,fred
1979-03-09,0.423,fred
1979-03-16,0.354,fred
1979-03-23,0.302,fred
1979-03-30,0.266,fred
1979-04-06,0.245,fred
1979-04-13,0.238,fred
1979-04-20,0.245,fred
1979-04-27,0.265,fred
1979-05-04,0.297,fred
1979-05-11,0.34,fred
1979-05-18,0.392,fred
1979-05-25,0.454,fred
1979-06-01,0.523,fred
1979-06-08,0.598,fred
1979-06-15,0.677,fred
1979-06-22,0.758,fred
1979-06-29,0.839,fred
1979-07-06,0.92,fred
1979-07-13,1.001,fred
1979-07-20,1.084,fred
1979-07-27,1.171,fred
1979-08-03,1.263,fred
1979-08-10,1.361,fred
1979-08-17,1.467,fred
1979-08-24,1.581,fred
1979-08-31,1.701,fred
1979-09-07,1.825,fred
1979-09-14,1.951,fred
1979-09-21,2.075,fred
1979-09-28,2.193,fred
1979-10-05,2.3,fred
1979-10-12,2.391,fred
1979-10-19,2.461,fred
1979-10-26,2.505,fred
1979-11-02,2.523,fred
1979-11-09,2.508,fred
1979-11-16,2.465,fred
1979-11-23,2.395,fred
1979-11-30,2.304,fred
1979-12-07,2.2,fred
1979-12-14,2.09,fred
1979-12-21,1.983,fred
1979-12-28,1.888,fred
1980-01-04,1.812,fred
1980-01-11,1.765,fred
1980-01-18,1.754,fred
1980-01-25,1.787,fred
1980-02-01,1.871,fred
1980-02-08,2.006,fred
1980-02-15,2.192,fred
1980-02-22,2.424,fred
1980-02-29,2.691,fred
1980-03-07,2.976,fred
1980-03-14,3.263,fred
1980-03-21,3.529,fred
1980-03-28,3.749,fred
1980-04-04,3.913,fred
1980-04-11,4.001,fred
1980-04-18,4.008,fred
1980-04-25,3.936,fred
1980-05-02,3.789,fred
1980-05-09,3.577,fred
1980-05-16,3.318,fred
1980-05-23,3.026,fred
1980-05-30,2.713,fred
1980-06-06,2.395,fred
1980-06-13,2.084,fred
1980-06-20,1.785,fred
1980-06-27,1.512,fred
1980-07-04,1.275,fred
1980-07-11,1.078,fred
1980-07-18,0.931,fred
1980-07-25,0.831,fred
1980-08-01,0.776,fred
1980-08-08,0.762,fred
1980-08-15,0.78,fred
1980-08-22,0.821,fred
1980-08-29,0.881,fred
1980-09-05,0.955,fred
1980-09-12,1.034,fred
1980-09-19,1.124,fred
1980-09-26,1.224,fred
1980-10-03,1.337,fred
1980-10-10,1.465,fred
1980-10-17,1.618,fred
1980-10-24,1.793,fred
1980-10-31,1.993,fred
1980-11-07,2.211,fred
1980-11-14,2.437,fred
1980-11-21,2.664,fred
1980-11-28,2.881,fred
1980-12-05,3.065,fred
1980-12-12,3.206,fred
1980-12-19,3.299,fred
1980-12-26,3.324,fred
1981-01-02,3.291,fred
1981-01-09,3.201,fred
1981-01-16,3.066,fred
1981-01-23,2.895,fred
1981-01-30,2.704,fred
1981-02-06,2.503,fred
1981-02-13,2.308,fred
1981-02-20,2.131,fred
1981-02-27,1.972,fred
1981-03-06,1.844,fred
1981-03-13,1.749,fred
1981-03-20,1.69,fred
1981-03-27,1.669,fred
1981-04-03,1.686,fred
1981-04-10,1.736,fred
1981-04-17,1.822,fred
1981-04-24,1.93,fred
1981-05-01,2.059,fred
1981-05-08,2.208,fred
1981-05-15,2.368,fred
1981-05-22,2.535,fred
1981-05-29,2.709,fred
1981-06-05,2.878,fred
1981-06-12,3.042,fred
1981-06-19,3.19,fred
1981-06-26,3.318,fred
1981-07-03,3.419,fred
1981-07-10,3.49,fred
1981-07-17,3.531,fred
1981-07-24,3.539,fred
1981-07-31,3.523,fred
1981-08-07,3.48,fred
1981-08-14,3.419,fred
1981-08-21,3.346,fred
1981-08-28,3.269,fred
1981-09-04,3.192,fred
1981-09-11,3.12,fred
1981-09-18,3.053,fred
1981-09-25,2.991,fred
1981-10-02,2.935,fred
1981-10-09,2.88,fred
1981-10-16,2.826,fred
1981-10-23,2.772,fred
1981-10-30,2.712,fred
1981-11-06,2.642,fred
1981-11-13,2.565,fred
1981-11-20,2.48,fred
1981-11-27,2.392,fred
1981-12-04,2.306,fred
1981-12-11,2.224,fred
1981-12-18,2.147,fred
1981-12-25,2.079,fred
1982-01-01,2.017,fred
1982-01-08,1.966,fred
1982-01-15,1.931,fred
1982-01-22,1.911,fred
1982-01-29,1.91,fred
1982-02-05,1.921,fred
1982-02-12,1.945,fred
1982-02-19,1.976,fred
1982-02-26,2.009,fred
1982-03-05,2.04,fred
1982-03-12,2.067,fred
1982-03-19,2.091,fred
1982-03-26,2.113,fred
1982-04-02,2.132,fred
1982-04-09,2.155,fred
1982-04-16,2.184,fred
1982-04-23,2.221,fred
1982-04-30,2.269,fred
1982-05-07,2.332,fred
1982-05-14,2.409,fred
1982-05-21,2.501,fred
1982-05-28,2.598,fred
1982-06-04,2.695,fred
1982-06-11,2.786,fred
1982-06-18,2.864,fred
1982-06-25,2.923,fred
1982-07-02,2.963,fred
1982-07-09,2.988,fred
1982-07-16,3.004,fred
1982-07-23,3.024,fred
1982-07-30,3.056,fred
1982-08-06,3.107,fred
1982-08-13,3.18,fred
1982-08-20,3.265,fred
1982-08-27,3.353,fred
1982-09-03,3.427,fred
1982-09-10,3.468,fred
1982-09-17,3.46,fred
1982-09-24,3.387,fred
1982-10-01,3.243,fred
1982-10-08,3.032,fred
1982-10-15,2.768,fred
1982-10-22,2.47,fred
1982-10-29,2.161,fred
1982-11-05,1.861,fred
1982-11-12,1.584,fred
1982-11-19,1.342,fred
1982-11-26,1.137,fred
1982-12-03,0.969,fred
1982-12-10,0.832,fred
1982-12-17,0.72,fred
1982-12-24,0.623,fred
1982-12-31,0.535,fred
1983-01-07,0.454,fred
1983-01-14,0.378,fred
1983-01-21,0.307,fred
1983-01-28,0.242,fred
1983-02-04,0.185,fred
1983-02-11,0.136,fred
1983-02-18,0.098,fred
1983-02-25,0.069,fred
1983-03-04,0.047,fred
1983-03-11,0.033,fred
1983-03-18,0.023,fred
1983-03-25,0.012,fred
1983-04-01,0.0,fred
1983-04-08,-0.016,fred
1983-04-15,-0.038,fred
1983-04-22,-0.065,fred
1983-04-29,-0.094,fred
1983-05-06,-0.125,fred
1983-05-13,-0.153,fred
1983-05-20,-0.174,fred
1983-05-27,-0.19,fred
1983-06-03,-0.197,fred
1983-06-10,-0.195,fred
1983-06-17,-0.187,fred
1983-06-24,-0.174,fred
1983-07-01,-0.156,fred
1983-07-08,-0.136,fred
1983-07-15,-0.117,fred
1983-07-22,-0.1,fred
1983-07-29,-0.088,fred
1983-08-05,-0.08,fred
1983-08-12,-0.078,fred
1983-08-19,-0.08,fred
1983-08-26,-0.084,fred
1983-09-02,-0.09,fred
1983-09-09,-0.094,fred
1983-09-16,-0.096,fred
1983-09-23,-0.092,fred
1983-09-30,-0.083,fred
1983-10-07,-0.067,fred
1983-10-14,-0.046,fred
1983-10-21,-0.019,fred
1983-10-28,0.008,fred
1983-11-04,0.036,fred
1983-11-11,0.061,fred
1983-11-18,0.082,fred
1983-11-25,0.098,fred
1983-12-02,0.107,fred
1983-12-09,0.108,fred
1983-12-16,0.101,fred
1983-12-23,0.085,fred
1983-12-30,0.058,fred
1984-01-06,0.025,fred
1984-01-13,-0.014,fred
1984-01-20,-0.056,fred
1984-01-27,-0.097,fred
1984-02-03,-0.134,fred
1984-02-10,-0.164,fred
1984-02-17,-0.185,fred
1984-02-24,-0.195,fred
1984-03-02,-0.193,fred
1984-03-09,-0.177,fred
1984-03-16,-0.145,fred
1984-03-23,-0.097,fred
1984-03-30,-0.031,fred
1984-04-06,0.051,fred
1984-04-13,0.148,fred
1984-04-20,0.258,fred
1984-04-27,0.379,fred
1984-05-04,0.508,fred
1984-05-11,0.639,fred
1984-05-18,0.767,fred
1984-05-25,0.887,fred
1984-06-01,0.994,fred
1984-06-08,1.083,fred
1984-06-15,1.151,fred
1984-06-22,1.196,fred
1984-06-29,1.213,fred
1984-07-06,1.2,fred
1984-07-13,1.158,fred
1984-07-20,1.094,fred
1984-07-27,1.012,fred
1984-08-03,0.921,fred
1984-08-10,0.828,fred
1984-08-17,0.738,fred
1984-08-24,0.653,fred
1984-08-31,0.575,fred
1984-09-07,0.505,fred
1984-09-14,0.441,fred
1984-09-21,0.381,fred
1984-09-28,0.323,fred
1984-10-05,0.267,fred
1984-10-12,0.211,fred
1984-10-19,0.157,fred
1984-10-26,0.105,fred
1984-11-02,0.057,fred
1984-11-09,0.011,fred
1984-11-16,-0.034,fred
1984-11-23,-0.076,fred
1984-11-30,-0.119,fred
1984-12-07,-0.16,fred
1984-12-14,-0.201,fred
1984-12-21,-0.242,fred
1984-12-28,-0.282,fred
1985-01-04,-0.319,fred
1985-01-11,-0.351,fred
1985-01-18,-0.375,fred
1985-01-25,-0.389,fred
1985-02-01,-0.392,fred
1985-02-08,-0.385,fred
1985-02-15,-0.37,fred
1985-02-22,-0.35,fred
1985-03-01,-0.328,fred
1985-03-08,-0.306,fred
1985-03-15,-0.288,fred
1985-03-22,-0.276,fred
1985-03-29,-0.271,fred
1985-04-05,-0.275,fred
1985-04-12,-0.288,fred
1985-04-19,-0.309,fred
1985-04-26,-0.336,fred
1985-05-03,-0.365,fred
1985-05-10,-0.396,fred
1985-05-17,-0.423,fred
1985-05-24,-0.446,fred
1985-05-31,-0.462,fred
1985-06-07,-0.47,fred
1985-06-14,-0.469,fred
1985-06-21,-0.459,fred
1985-06-28,-0.441,fred
1985-07-05,-0.418,fred
1985-07-12,-0.389,fred
1985-07-19,-0.356,fred
1985-07-26,-0.319,fred
1985-08-02,-0.281,fred
1985-08-09,-0.243,fred
1985-08-16,-0.206,fred
1985-08-23,-0.174,fred
1985-08-30,-0.149,fred
1985-09-06,-0.132,fred
1985-09-13,-0.125,fred
1985-09-20,-0.13,fred
1985-09-27,-0.146,fred
1985-10-04,-0.171,fred
1985-10-11,-0.203,fred
1985-10-18,-0.238,fred
1985-10-25,-0.272,fred
1985-11-01,-0.302,fred
1985-11-08,-0.324,fred
1985-11-15,-0.337,fred
1985-11-22,-0.339,fred
1985-11-29,-0.333,fred
1985-12-06,-0.32,fred
1985-12-13,-0.303,fred
1985-12-20,-0.286,fred
1985-12-27,-0.269,fred
1986-01-03,-0.258,fred
1986-01-10,-0.251,fred
1986-01-17,-0.25,fred
1986-01-24,-0.254,fred
1986-01-31,-0.262,fred
1986-02-07,-0.273,fred
1986-02-14,-0.284,fred
1986-02-21,-0.294,fred
1986-02-28,-0.303,fred
1986-03-07,-0.31,fred
1986-03-14,-0.318,fred
1986-03-21,-0.327,fred
1986-03-28,-0.339,fred
1986-04-04,-0.356,fred
1986-04-11,-0.377,fred
1986-04-18,-0.401,fred
1986-04-25,-0.425,fred
1986-05-02,-0.447,fred
1986-05-09,-0.465,fred
1986-05-16,-0.476,fred
1986-05-23,-0.481,fred
1986-05-30,-0.479,fred
1986-06-06,-0.473,fred
1986-06-13,-0.463,fred
1986-06-20,-0.453,fred
1986-06-27,-0.448,fred
1986-07-04,-0.449,fred
1986-07-11,-0.457,fred
1986-07-18,-0.473,fred
1986-07-25,-0.496,fred
1986-08-01,-0.522,fred
1986-08-08,-0.546,fred
1986-08-15,-0.568,fred
1986-08-22,-0.584,fred
1986-08-29,-0.591,fred
1986-09-05,-0.59,fred
1986-09-12,-0.581,fred
1986-09-19,-0.569,fred
1986-09-26,-0.556,fred
1986-10-03,-0.545,fred
1986-10-10,-0.539,fred
1986-10-17,-0.537,fred
1986-10-24,-0.54,fred
1986-10-31,-0.545,fred
1986-11-07,-0.55,fred
1986-11-14,-0.555,fred
1986-11-21,-0.556,fred
1986-11-28,-0.553,fred
1986-12-05,-0.546,fred
1986-12-12,-0.537,fred
1986-12-19,-0.525,fred
1986-12-26,-0.512,fred
1987-01-02,-0.503,fred
1987-01-09,-0.496,fred
1987-01-16,-0.491,fred
1987-01-23,-0.489,fred
1987-01-30,-0.488,fred
1987-02-06,-0.486,fred
1987-02-13,-0.478,fred
1987-02-20,-0.463,fred
1987-02-27,-0.437,fred
1987-03-06,-0.398,fred
1987-03-13,-0.343,fred
1987-03-20,-0.268,fred
1987-03-27,-0.175,fred
1987-04-03,-0.065,fred
1987-04-10,0.056,fred
1987-04-17,0.183,fred
1987-04-24,0.306,fred
1987-05-01,0.415,fred
1987-05-08,0.506,fred
1987-05-15,0.572,fred
1987-05-22,0.611,fred
1987-05-29,0.619,fred
1987-06-05,0.6,fred
1987-06-12,0.558,fred
1987-06-19,0.496,fred
1987-06-26,0.422,fred
1987-07-03,0.342,fred
1987-07-10,0.261,fred
1987-07-17,0.183,fred
1987-07-24,0.11,fred
1987-07-31,0.049,fred
1987-08-07,0.006,fred
1987-08-14,-0.015,fred
1987-08-21,-0.005,fred
1987-08-28,0.038,fred
1987-09-04,0.115,fred
1987-09-11,0.22,fred
1987-09-18,0.348,fred
1987-09-25,0.49,fred
1987-10-02,0.64,fred
1987-10-09,0.785,fred
1987-10-16,0.916,fred
1987-10-23,1.023,fred
1987-10-30,1.1,fred
1987-11-06,1.14,fred
1987-11-13,1.152,fred
1987-11-20,1.14,fred
1987-11-27,1.108,fred
1987-12-04,1.061,fred
1987-12-11,0.996,fred
1987-12-18,0.92,fred
1987-12-25,0.832,fred
1988-01-01,0.738,fred
1988-01-08,0.64,fred
1988-01-15,0.544,fred
1988-01-22,0.45,fred
1988-01-29,0.363,fred
1988-02-05,0.285,fred
1988-02-12,0.22,fred
1988-02-19,0.17,fred
1988-02-26,0.135,fred
1988-03-04,0.115,fred
1988-03-11,0.109,fred
1988-03-18,0.116,fred
1988-03-25,0.133,fred
1988-04-01,0.157,fred
1988-04-08,0.185,fred
1988-04-15,0.211,fred
1988-04-22,0.234,fred
1988-04-29,0.248,fred
1988-05-06,0.255,fred
1988-05-13,0.257,fred
1988-05-20,0.257,fred
1988-05-27,0.256,fred
1988-06-03,0.259,fred
1988-06-10,0.267,fred
1988-06-17,0.282,fred
1988-06-24,0.303,fred
1988-07-01,0.33,fred
1988-07-08,0.36,fred
1988-07-15,0.389,fred
1988-07-22,0.413,fred
1988-07-29,0.429,fred
1988-08-05,0.436,fred
1988-08-12,0.433,fred
1988-08-19,0.42,fred
1988-08-26,0.398,fred
1988-09-02,0.37,fred
1988-09-09,0.338,fred
1988-09-16,0.307,fred
1988-09-23,0.279,fred
1988-09-30,0.254,fred
1988-10-07,0.233,fred
1988-10-14,0.215,fred
1988-10-21,0.2,fred
1988-10-28,0.187,fred
1988-11-04,0.176,fred
1988-11-11,0.167,fred
1988-11-18,0.16,fred
1988-11-25,0.155,fred
1988-12-02,0.151,fred
1988-12-09,0.148,fred
1988-12-16,0.145,fred
1988-12-23,0.143,fred
1988-12-30,0.142,fred
1989-01-06,0.144,fred
1989-01-13,0.151,fred
1989-01-20,0.165,fred
1989-01-27,0.189,fred
1989-02-03,0.225,fred
1989-02-10,0.275,fred
1989-02-17,0.337,fred
1989-02-24,0.409,fred
1989-03-03,0.487,fred
1989-03-10,0.562,fred
1989-03-17,0.63,fred
1989-03-24,0.683,fred
1989-03-31,0.716,fred
1989-04-07,0.726,fred
1989-04-14,0.712,fred
1989-04-21,0.674,fred
1989-04-28,0.62,fred
1989-05-05,0.554,fred
1989-05-12,0.485,fred
1989-05-19,0.419,fred
1989-05-26,0.364,fred
1989-06-02,0.322,fred
1989-06-09,0.293,fred
1989-06-16,0.276,fred
1989-06-23,0.265,fred
1989-06-30,0.256,fred
1989-07-07,0.247,fred
1989-07-14,0.233,fred
1989-07-21,0.219,fred
1989-07-28,0.208,fred
1989-08-04,0.201,fred
1989-08-11,0.203,fred
1989-08-18,0.216,fred
1989-08-25,0.238,fred
1989-09-01,0.269,fred
1989-09-08,0.303,fred
1989-09-15,0.337,fred
1989-09-22,0.363,fred
1989-09-29,0.38,fred
1989-10-06,0.383,fred
1989-10-13,0.37,fred
1989-10-20,0.342,fred
1989-10-27,0.302,fred
1989-11-03,0.252,fred
1989-11-10,0.199,fred
1989-11-17,0.148,fred
1989-11-24,0.102,fred
1989-12-01,0.066,fred
1989-12-08,0.04,fred
1989-12-15,0.026,fred
1989-12-22,0.022,fred
1989-12-29,0.026,fred
1990-01-05,0.036,fred
1990-01-12,0.047,fred
1990-01-19,0.057,fred
1990-01-26,0.064,fred
1990-02-02,0.067,fred
1990-02-09,0.064,fred
1990-02-16,0.059,fred
1990-02-23,0.052,fred
1990-03-02,0.048,fred
1990-03-09,0.047,fred
1990-03-16,0.053,fred
1990-03-23,0.063,fred
1990-03-30,0.078,fred
1990-04-06,0.095,fred
1990-04-13,0.107,fred
1990-04-20,0.113,fred
1990-04-27,0.11,fred
1990-05-04,0.096,fred
1990-05-11,0.07,fred
1990-05-18,0.035,fred
1990-05-25,-0.006,fred
1990-06-01,-0.049,fred
1990-06-08,-0.089,fred
1990-06-15,-0.122,fred
1990-06-22,-0.145,fred
1990-06-29,-0.155,fred
1990-07-06,-0.152,fred
1990-07-13,-0.136,fred
1990-07-20,-0.109,fred
1990-07-27,-0.072,fred
1990-08-03,-0.028,fred
1990-08-10,0.023,fred
1990-08-17,0.076,fred
1990-08-24,0.131,fred
1990-08-31,0.185,fred
1990-09-07,0.239,fred
1990-09-14,0.29,fred
1990-09-21,0.337,fred
1990-09-28,0.38,fred
1990-10-05,0.413,fred
1990-10-12,0.437,fred
1990-10-19,0.451,fred
1990-10-26,0.456,fred
1990-11-02,0.457,fred
1990-11-09,0.456,fred
1990-11-16,0.456,fred
1990-11-23,0.46,fred
1990-11-30,0.471,fred
1990-12-07,0.483,fred
1990-12-14,0.498,fred
1990-12-21,0.512,fred
1990-12-28,0.519,fred
1991-01-04,0.511,fred
1991-01-11,0.49,fred
1991-01-18,0.451,fred
1991-01-25,0.392,fred
1991-02-01,0.323,fred
1991-02-08,0.248,fred
1991-02-15,0.173,fred
1991-02-22,0.102,fred
1991-03-01,0.038,fred
1991-03-08,-0.02,fred
1991-03-15,-0.07,fred
1991-03-22,-0.113,fred
1991-03-29,-0.149,fred
1991-04-05,-0.178,fred
1991-04-12,-0.202,fred
1991-04-19,-0.221,fred
1991-04-26,-0.234,fred
1991-05-03,-0.243,fred
1991-05-10,-0.246,fred
1991-05-17,-0.245,fred
1991-05-24,-0.241,fred
1991-05-31,-0.236,fred
1991-06-07,-0.234,fred
1991-06-14,-0.238,fred
1991-06-21,-0.25,fred
1991-06-28,-0.269,fred
1991-07-05,-0.299,fred
1991-07-12,-0.334,fred
1991-07-19,-0.374,fred
1991-07-26,-0.414,fred
1991-08-02,-0.452,fred
1991-08-09,-0.484,fred
1991-08-16,-0.509,fred
1991-08-23,-0.527,fred
1991-08-30,-0.54,fred
1991-09-06,-0.547,fred
1991-09-13,-0.553,fred
1991-09-20,-0.557,fred
1991-09-27,-0.56,fred
1991-10-04,-0.563,fred
1991-10-11,-0.568,fred
1991-10-18,-0.574,fred
1991-10-25,-0.581,fred
1991-11-01,-0.589,fred
1991-11-08,-0.599,fred
1991-11-15,-0.608,fred
1991-11-22,-0.618,fred
1991-11-29,-0.628,fred
1991-12-06,-0.638,fred
1991-12-13,-0.648,fred
1991-12-20,-0.656,fred
1991-12-27,-0.663,fred
1992-01-03,-0.665,fred
1992-01-10,-0.665,fred
1992-01-17,-0.663,fred
1992-01-24,-0.659,fred
1992-01-31,-0.656,fred
1992-02-07,-0.654,fred
1992-02-14,-0.653,fred
1992-02-21,-0.653,fred
1992-02-28,-0.654,fred
1992-03-06,-0.657,fred
1992-03-13,-0.662,fred
1992-03-20,-0.67,fred
1992-03-27,-0.682,fred
1992-04-03,-0.698,fred
1992-04-10,-0.717,fred
1992-04-17,-0.738,fred
1992-04-24,-0.76,fred
1992-05-01,-0.783,fred
1992-05-08,-0.804,fred
1992-05-15,-0.825,fred
1992-05-22,-0.843,fred
1992-05-29,-0.859,fred
1992-06-05,-0.874,fred
1992-06-12,-0.888,fred
1992-06-19,-0.902,fred
1992-06-26,-0.914,fred
1992-07-03,-0.924,fred
1992-07-10,-0.932,fred
1992-07-17,-0.936,fred
1992-07-24,-0.938,fred
1992-07-31,-0.936,fred
1992-08-07,-0.931,fred
1992-08-14,-0.923,fred
1992-08-21,-0.912,fred
1992-08-28,-0.897,fred
1992-09-04,-0.879,fred
1992-09-11,-0.858,fred
1992-09-18,-0.833,fred
1992-09-25,-0.804,fred
1992-10-02,-0.773,fred
1992-10-09,-0.743,fred
1992-10-16,-0.716,fred
1992-10-23,-0.695,fred
1992-10-30,-0.682,fred
1992-11-06,-0.681,fred
1992-11-13,-0.689,fred
1992-11-20,-0.707,fred
1992-11-27,-0.735,fred
1992-12-04,-0.769,fred
1992-12-11,-0.808,fred
1992-12-18,-0.846,fred
1992-12-25,-0.881,fred
1993-01-01,-0.909,fred
1993-01-08,-0.93,fred
1993-01-15,-0.944,fred
1993-01-22,-0.953,fred
1993-01-29,-0.957,fred
1993-02-05,-0.957,fred
1993-02-12,-0.956,fred
1993-02-19,-0.955,fred
1993-02-26,-0.956,fred
1993-03-05,-0.958,fred
1993-03-12,-0.962,fred
1993-03-19,-0.968,fred
1993-03-26,-0.975,fred
1993-04-02,-0.981,fred
1993-04-09,-0.988,fred
1993-04-16,-0.992,fred
1993-04-23,-0.994,fred
1993-04-30,-0.993,fred
1993-05-07,-0.99,fred
1993-05-14,-0.986,fred
1993-05-21,-0.982,fred
1993-05-28,-0.981,fred
1993-06-04,-0.984,fred
1993-06-11,-0.991,fred
1993-06-18,-1.004,fred
1993-06-25,-1.019,fred
1993-07-02,-1.036,fred
1993-07-09,-1.054,fred
1993-07-16,-1.069,fred
1993-07-23,-1.082,fred
1993-07-30,-1.09,fred
1993-08-06,-1.095,fred
1993-08-13,-1.096,fred
1993-08-20,-1.094,fred
1993-08-27,-1.09,fred
1993-09-03,-1.083,fred
1993-09-10,-1.074,fred
1993-09-17,-1.063,fred
1993-09-24,-1.05,fred
1993-10-01,-1.035,fred
1993-10-08,-1.019,fred
1993-10-15,-1.001,fred
1993-10-22,-0.983,fred
1993-10-29,-0.966,fred
1993-11-05,-0.95,fred
1993-11-12,-0.94,fred
1993-11-19,-0.935,fred
1993-11-26,-0.937,fred
1993-12-03,-0.945,fred
1993-12-10,-0.958,fred
1993-12-17,-0.974,fred
1993-12-24,-0.99,fred
1993-12-31,-1.004,fred
1994-01-07,-1.014,fred
1994-01-14,-1.02,fred
1994-01-21,-1.019,fred
1994-01-28,-1.012,fred
1994-02-04,-0.997,fred
1994-02-11,-0.976,fred
1994-02-18,-0.949,fred
1994-02-25,-0.919,fred
1994-03-04,-0.885,fred
1994-03-11,-0.852,fred
1994-03-18,-0.82,fred
1994-03-25,-0.79,fred
1994-04-01,-0.765,fred
1994-04-08,-0.745,fred
1994-04-15,-0.732,fred
1994-04-22,-0.724,fred
1994-04-29,-0.72,fred
1994-05-06,-0.718,fred
1994-05-13,-0.718,fred
1994-05-20,-0.72,fred
1994-05-27,-0.721,fred
1994-06-03,-0.72,fred
1994-06-10,-0.719,fred
1994-06-17,-0.717,fred
1994-06-24,-0.716,fred
1994-07-01,-0.718,fred
1994-07-08,-0.724,fred
1994-07-15,-0.736,fred
1994-07-22,-0.753,fred
1994-07-29,-0.77,fred
1994-08-05,-0.786,fred
1994-08-12,-0.8,fred
1994-08-19,-0.807,fred
1994-08-26,-0.806,fred
1994-09-02,-0.797,fred
1994-09-09,-0.779,fred
1994-09-16,-0.753,fred
1994-09-23,-0.724,fred
1994-09-30,-0.694,fred
1994-10-07,-0.666,fred
1994-10-14,-0.641,fred
1994-10-21,-0.62,fred
1994-10-28,-0.6,fred
1994-11-04,-0.58,fred
1994-11-11,-0.558,fred
1994-11-18,-0.532,fred
1994-11-25,-0.503,fred
1994-12-02,-0.473,fred
1994-12-09,-0.444,fred
1994-12-16,-0.421,fred
1994-12-23,-0.407,fred
1994-12-30,-0.405,fred
1995-01-06,-0.416,fred
1995-01-13,-0.438,fred
1995-01-20,-0.469,fred
1995-01-27,-0.505,fred
1995-02-03,-0.541,fred
1995-02-10,-0.574,fred
1995-02-17,-0.601,fred
1995-02-24,-0.621,fred
1995-03-03,-0.633,fred
1995-03-10,-0.638,fred
1995-03-17,-0.64,fred
1995-03-24,-0.639,fred
1995-03-31,-0.639,fred
1995-04-07,-0.641,fred
1995-04-14,-0.648,fred
1995-04-21,-0.659,fred
1995-04-28,-0.672,fred
1995-05-05,-0.686,fred
1995-05-12,-0.699,fred
1995-05-19,-0.708,fred
1995-05-26,-0.711,fred
1995-06-02,-0.708,fred
1995-06-09,-0.701,fred
1995-06-16,-0.69,fred
1995-06-23,-0.68,fred
1995-06-30,-0.672,fred
1995-07-07,-0.667,fred
1995-07-14,-0.668,fred
1995-07-21,-0.673,fred
1995-07-28,-0.68,fred
1995-08-04,-0.689,fred
1995-08-11,-0.699,fred
1995-08-18,-0.706,fred
1995-08-25,-0.711,fred
1995-09-01,-0.713,fred
1995-09-08,-0.711,fred
1995-09-15,-0.707,fred
1995-09-22,-0.702,fred
1995-09-29,-0.698,fred
1995-10-06,-0.696,fred
1995-10-13,-0.699,fred
1995-10-20,-0.704,fred
1995-10-27,-0.713,fred
1995-11-03,-0.725,fred
1995-11-10,-0.737,fred
1995-11-17,-0.746,fred
1995-11-24,-0.752,fred
1995-12-01,-0.753,fred
1995-12-08,-0.751,fred
1995-12-15,-0.747,fred
1995-12-22,-0.744,fred
1995-12-29,-0.744,fred
1996-01-05,-0.75,fred
1996-01-12,-0.76,fred
1996-01-19,-0.775,fred
1996-01-26,-0.792,fred
1996-02-02,-0.809,fred
1996-02-09,-0.82,fred
1996-02-16,-0.824,fred
1996-02-23,-0.82,fred
1996-03-01,-0.806,fred
1996-03-08,-0.787,fred
1996-03-15,-0.764,fred
1996-03-22,-0.74,fred
1996-03-29,-0.719,fred
1996-04-05,-0.702,fred
1996-04-12,-0.69,fred
1996-04-19,-0.684,fred
1996-04-26,-0.685,fred
1996-05-03,-0.691,fred
1996-05-10,-0.699,fred
1996-05-17,-0.708,fred
1996-05-24,-0.714,fred
1996-05-31,-0.717,fred
1996-06-07,-0.715,fred
1996-06-14,-0.71,fred
1996-06-21,-0.705,fred
1996-06-28,-0.701,fred
1996-07-05,-0.698,fred
1996-07-12,-0.698,fred
1996-07-19,-0.703,fred
1996-07-26,-0.711,fred
1996-08-02,-0.72,fred
1996-08-09,-0.731,fred
1996-08-16,-0.739,fred
1996-08-23,-0.744,fred
1996-08-30,-0.744,fred
1996-09-06,-0.74,fred
1996-09-13,-0.736,fred
1996-09-20,-0.732,fred
1996-09-27,-0.731,fred
1996-10-04,-0.735,fred
1996-10-11,-0.742,fred
1996-10-18,-0.753,fred
1996-10-25,-0.764,fred
1996-11-01,-0.775,fred
1996-11-08,-0.783,fred
1996-11-15,-0.785,fred
1996-11-22,-0.781,fred
1996-11-29,-0.77,fred
1996-12-06,-0.755,fred
1996-12-13,-0.737,fred
1996-12-20,-0.72,fred
1996-12-27,-0.706,fred
1997-01-03,-0.696,fred
1997-01-10,-0.692,fred
1997-01-17,-0.693,fred
1997-01-24,-0.699,fred
1997-01-31,-0.709,fred
1997-02-07,-0.719,fred
1997-02-14,-0.729,fred
1997-02-21,-0.735,fred
1997-02-28,-0.735,fred
1997-03-07,-0.73,fred
1997-03-14,-0.719,fred
1997-03-21,-0.706,fred
1997-03-28,-0.69,fred
1997-04-04,-0.674,fred
1997-04-11,-0.66,fred
1997-04-18,-0.648,fred
1997-04-25,-0.638,fred
1997-05-02,-0.633,fred
1997-05-09,-0.629,fred
1997-05-16,-0.627,fred
1997-05-23,-0.627,fred
1997-05-30,-0.628,fred
1997-06-06,-0.629,fred
1997-06-13,-0.632,fred
1997-06-20,-0.636,fred
1997-06-27,-0.641,fred
1997-07-04,-0.646,fred
1997-07-11,-0.65,fred
1997-07-18,-0.654,fred
1997-07-25,-0.657,fred
1997-08-01,-0.658,fred
1997-08-08,-0.658,fred
1997-08-15,-0.656,fred
1997-08-22,-0.652,fred
1997-08-29,-0.648,fred
1997-09-05,-0.642,fred
1997-09-12,-0.635,fred
1997-09-19,-0.625,fred
1997-09-26,-0.613,fred
1997-10-03,-0.598,fred
1997-10-10,-0.579,fred
1997-10-17,-0.558,fred
1997-10-24,-0.534,fred
1997-10-31,-0.511,fred
1997-11-07,-0.494,fred
1997-11-14,-0.48,fred
1997-11-21,-0.474,fred
1997-11-28,-0.473,fred
1997-12-05,-0.478,fred
1997-12-12,-0.486,fred
1997-12-19,-0.498,fred
1997-12-26,-0.513,fred
1998-01-02,-0.53,fred
1998-01-09,-0.546,fred
1998-01-16,-0.564,fred
1998-01-23,-0.582,fred
1998-01-30,-0.598,fred
1998-02-06,-0.613,fred
1998-02-13,-0.625,fred
1998-02-20,-0.634,fred
1998-02-27,-0.638,fred
1998-03-06,-0.638,fred
1998-03-13,-0.635,fred
1998-03-20,-0.631,fred
1998-03-27,-0.626,fred
1998-04-03,-0.62,fred
1998-04-10,-0.615,fred
1998-04-17,-0.61,fred
1998-04-24,-0.604,fred
1998-05-01,-0.597,fred
1998-05-08,-0.591,fred
1998-05-15,-0.585,fred
1998-05-22,-0.578,fred
1998-05-29,-0.57,fred
1998-06-05,-0.564,fred
1998-06-12,-0.56,fred
1998-06-19,-0.557,fred
1998-06-26,-0.555,fred
1998-07-03,-0.555,fred
1998-07-10,-0.553,fred
1998-07-17,-0.546,fred
1998-07-24,-0.533,fred
1998-07-31,-0.51,fred
1998-08-07,-0.476,fred
1998-08-14,-0.431,fred
1998-08-21,-0.376,fred
1998-08-28,-0.313,fred
1998-09-04,-0.248,fred
1998-09-11,-0.183,fred
1998-09-18,-0.122,fred
1998-09-25,-0.068,fred
1998-10-02,-0.025,fred
1998-10-09,0.005,fred
1998-10-16,0.018,fred
1998-10-23,0.013,fred
1998-10-30,-0.005,fred
1998-11-06,-0.031,fred
1998-11-13,-0.059,fred
1998-11-20,-0.088,fred
1998-11-27,-0.114,fred
1998-12-04,-0.135,fred
1998-12-11,-0.154,fred
1998-12-18,-0.172,fred
1998-12-25,-0.19,fred
1999-01-01,-0.207,fred
1999-01-08,-0.221,fred
1999-01-15,-0.237,fred
1999-01-22,-0.254,fred
1999-01-29,-0.272,fred
1999-02-05,-0.292,fred
1999-02-12,-0.313,fred
1999-02-19,-0.333,fred
1999-02-26,-0.353,fred
1999-03-05,-0.369,fred
1999-03-12,-0.384,fred
1999-03-19,-0.395,fred
1999-03-26,-0.403,fred
1999-04-02,-0.41,fred
1999-04-09,-0.415,fred
1999-04-16,-0.419,fred
1999-04-23,-0.423,fred
1999-04-30,-0.425,fred
1999-05-07,-0.425,fred
1999-05-14,-0.421,fred
1999-05-21,-0.412,fred
1999-05-28,-0.4,fred
1999-06-04,-0.385,fred
1999-06-11,-0.368,fred
1999-06-18,-0.35,fred
1999-06-25,-0.33,fred
1999-07-02,-0.309,fred
1999-07-09,-0.286,fred
1999-07-16,-0.26,fred
1999-07-23,-0.234,fred
1999-07-30,-0.211,fred
1999-08-06,-0.189,fred
1999-08-13,-0.173,fred
1999-08-20,-0.16,fred
1999-08-27,-0.149,fred
1999-09-03,-0.137,fred
1999-09-10,-0.125,fred
1999-09-17,-0.112,fred
1999-09-24,-0.1,fred
1999-10-01,-0.09,fred
1999-10-08,-0.083,fred
1999-10-15,-0.086,fred
1999-10-22,-0.095,fred
1999-10-29,-0.11,fred
1999-11-05,-0.128,fred
1999-11-12,-0.145,fred
1999-11-19,-0.159,fred
1999-11-26,-0.167,fred
1999-12-03,-0.169,fred
1999-12-10,-0.168,fred
1999-12-17,-0.167,fred
1999-12-24,-0.168,fred
1999-12-31,-0.171,fred
2000-01-07,-0.181,fred
2000-01-14,-0.192,fred
2000-01-21,-0.203,fred
2000-01-28,-0.21,fred
2000-02-04,-0.212,fred
2000-02-11,-0.21,fred
2000-02-18,-0.202,fred
2000-02-25,-0.189,fred
2000-03-03,-0.173,fred
2000-03-10,-0.153,fred
2000-03-17,-0.131,fred
2000-03-24,-0.108,fred
2000-03-31,-0.088,fred
2000-04-07,-0.072,fred
2000-04-14,-0.058,fred
2000-04-21,-0.045,fred
2000-04-28,-0.032,fred
2000-05-05,-0.016,fred
2000-05-12,-0.001,fred
2000-05-19,0.013,fred
2000-05-26,0.025,fred
2000-06-02,0.032,fred
2000-06-09,0.034,fred
2000-06-16,0.029,fred
2000-06-23,0.017,fred
2000-06-30,-0.001,fred
2000-07-07,-0.025,fred
2000-07-14,-0.054,fred
2000-07-21,-0.085,fred
2000-07-28,-0.115,fred
2000-08-04,-0.143,fred
2000-08-11,-0.167,fred
2000-08-18,-0.185,fred
2000-08-25,-0.198,fred
2000-09-01,-0.205,fred
2000-09-08,-0.207,fred
2000-09-15,-0.206,fred
2000-09-22,-0.202,fred
2000-09-29,-0.196,fred
2000-10-06,-0.189,fred
2000-10-13,-0.181,fred
2000-10-20,-0.174,fred
2000-10-27,-0.167,fred
2000-11-03,-0.157,fred
2000-11-10,-0.143,fred
2000-11-17,-0.126,fred
2000-11-24,-0.105,fred
2000-12-01,-0.085,fred
2000-12-08,-0.07,fred
2000-12-15,-0.064,fred
2000-12-22,-0.07,fred
2000-12-29,-0.09,fred
2001-01-05,-0.119,fred
2001-01-12,-0.154,fred
2001-01-19,-0.19,fred
2001-01-26,-0.223,fred
2001-02-02,-0.25,fred
2001-02-09,-0.269,fred
2001-02-16,-0.278,fred
2001-02-23,-0.277,fred
2001-03-02,-0.271,fred
2001-03-09,-0.262,fred
2001-03-16,-0.253,fred
2001-03-23,-0.249,fred
2001-03-30,-0.253,fred
2001-04-06,-0.262,fred
2001-04-13,-0.281,fred
2001-04-20,-0.306,fred
2001-04-27,-0.332,fred
2001-05-04,-0.36,fred
2001-05-11,-0.385,fred
2001-05-18,-0.405,fred
2001-05-25,-0.421,fred
2001-06-01,-0.433,fred
2001-06-08,-0.44,fred
2001-06-15,-0.446,fred
2001-06-22,-0.452,fred
2001-06-29,-0.459,fred
2001-07-06,-0.468,fred
2001-07-13,-0.478,fred
2001-07-20,-0.488,fred
2001-07-27,-0.498,fred
2001-08-03,-0.502,fred
2001-08-10,-0.498,fred
2001-08-17,-0.484,fred
2001-08-24,-0.46,fred
2001-08-31,-0.43,fred
2001-09-07,-0.396,fred
2001-09-14,-0.364,fred
2001-09-21,-0.342,fred
2001-09-28,-0.336,fred
2001-10-05,-0.338,fred
2001-10-12,-0.349,fred
2001-10-19,-0.364,fred
2001-10-26,-0.381,fred
2001-11-02,-0.392,fred
2001-11-09,-0.397,fred
2001-11-16,-0.396,fred
2001-11-23,-0.386,fred
2001-11-30,-0.372,fred
2001-12-07,-0.36,fred
2001-12-14,-0.354,fred
2001-12-21,-0.356,fred
2001-12-28,-0.369,fred
2002-01-04,-0.389,fred
2002-01-11,-0.414,fred
2002-01-18,-0.439,fred
2002-01-25,-0.46,fred
2002-02-01,-0.476,fred
2002-02-08,-0.485,fred
2002-02-15,-0.489,fred
2002-02-22,-0.49,fred
2002-03-01,-0.489,fred
2002-03-08,-0.488,fred
2002-03-15,-0.489,fred
2002-03-22,-0.493,fred
2002-03-29,-0.501,fred
2002-04-05,-0.515,fred
2002-04-12,-0.533,fred
2002-04-19,-0.555,fred
2002-04-26,-0.578,fred
2002-05-03,-0.6,fred
2002-05-10,-0.617,fred
2002-05-17,-0.627,fred
2002-05-24,-0.629,fred
2002-05-31,-0.623,fred
2002-06-07,-0.609,fred
2002-06-14,-0.588,fred
2002-06-21,-0.564,fred
2002-06-28,-0.536,fred
2002-07-05,-0.508,fred
2002-07-12,-0.481,fred
2002-07-19,-0.457,fred
2002-07-26,-0.437,fred
2002-08-02,-0.423,fred
2002-08-09,-0.411,fred
2002-08-16,-0.404,fred
2002-08-23,-0.396,fred
2002-08-30,-0.387,fred
2002-09-06,-0.377,fred
2002-09-13,-0.366,fred
2002-09-20,-0.357,fred
2002-09-27,-0.351,fred
2002-10-04,-0.35,fred
2002-10-11,-0.356,fred
2002-10-18,-0.368,fred
2002-10-25,-0.384,fred
2002-11-01,-0.402,fred
2002-11-08,-0.419,fred
2002-11-15,-0.435,fred
2002-11-22,-0.445,fred
2002-11-29,-0.452,fred
2002-12-06,-0.455,fred
2002-12-13,-0.458,fred
2002-12-20,-0.462,fred
2002-12-27,-0.469,fred
2003-01-03,-0.48,fred
2003-01-10,-0.493,fred
2003-01-17,-0.506,fred
2003-01-24,-0.515,fred
2003-01-31,-0.522,fred
2003-02-07,-0.526,fred
2003-02-14,-0.529,fred
2003-02-21,-0.531,fred
2003-02-28,-0.535,fred
2003-03-07,-0.542,fred
2003-03-14,-0.552,fred
2003-03-21,-0.567,fred
2003-03-28,-0.586,fred
2003-04-04,-0.61,fred
2003-04-11,-0.635,fred
2003-04-18,-0.66,fred
2003-04-25,-0.681,fred
2003-05-02,-0.697,fred
2003-05-09,-0.707,fred
2003-05-16,-0.711,fred
2003-05-23,-0.712,fred
2003-05-30,-0.71,fred
2003-06-06,-0.708,fred
2003-06-13,-0.708,fred
2003-06-20,-0.709,fred
2003-06-27,-0.711,fred
2003-07-04,-0.714,fred
2003-07-11,-0.716,fred
2003-07-18,-0.714,fred
2003-07-25,-0.709,fred
2003-08-01,-0.7,fred
2003-08-08,-0.69,fred
2003-08-15,-0.68,fred
2003-08-22,-0.672,fred
2003-08-29,-0.667,fred
2003-09-05,-0.666,fred
2003-09-12,-0.668,fred
2003-09-19,-0.673,fred
2003-09-26,-0.68,fred
2003-10-03,-0.687,fred
2003-10-10,-0.696,fred
2003-10-17,-0.704,fred
2003-10-24,-0.709,fred
2003-10-31,-0.714,fred
2003-11-07,-0.716,fred
2003-11-14,-0.716,fred
2003-11-21,-0.715,fred
2003-11-28,-0.714,fred
2003-12-05,-0.712,fred
2003-12-12,-0.712,fred
2003-12-19,-0.716,fred
2003-12-26,-0.722,fred
2004-01-02,-0.732,fred
2004-01-09,-0.745,fred
2004-01-16,-0.759,fred
2004-01-23,-0.773,fred
2004-01-30,-0.785,fred
2004-02-06,-0.795,fred
2004-02-13,-0.804,fred
2004-02-20,-0.81,fred
2004-02-27,-0.813,fred
2004-03-05,-0.814,fred
2004-03-12,-0.812,fred
2004-03-19,-0.808,fred
2004-03-26,-0.801,fred
2004-04-02,-0.793,fred
2004-04-09,-0.782,fred
2004-04-16,-0.769,fred
2004-04-23,-0.754,fred
2004-04-30,-0.739,fred
2004-05-07,-0.725,fred
2004-05-14,-0.712,fred
2004-05-21,-0.702,fred
2004-05-28,-0.695,fred
2004-06-04,-0.69,fred
2004-06-11,-0.687,fred
2004-06-18,-0.685,fred
2004-06-25,-0.685,fred
2004-07-02,-0.687,fred
2004-07-09,-0.689,fred
2004-07-16,-0.691,fred
2004-07-23,-0.693,fred
2004-07-30,-0.695,fred
2004-08-06,-0.696,fred
2004-08-13,-0.698,fred
2004-08-20,-0.699,fred
2004-08-27,-0.7,fred
2004-09-03,-0.7,fred
2004-09-10,-0.7,fred
2004-09-17,-0.699,fred
2004-09-24,-0.699,fred
2004-10-01,-0.698,fred
2004-10-08,-0.698,fred
2004-10-15,-0.699,fred
2004-10-22,-0.702,fred
2004-10-29,-0.705,fred
2004-11-05,-0.708,fred
2004-11-12,-0.712,fred
2004-11-19,-0.714,fred
2004-11-26,-0.715,fred
2004-12-03,-0.713,fred
2004-12-10,-0.71,fred
2004-12-17,-0.705,fred
2004-12-24,-0.7,fred
2004-12-31,-0.696,fred
2005-01-07,-0.694,fred
2005-01-14,-0.695,fred
2005-01-21,-0.698,fred
2005-01-28,-0.703,fred
2005-02-04,-0.708,fred
2005-02-11,-0.712,fred
2005-02-18,-0.712,fred
2005-02-25,-0.709,fred
2005-03-04,-0.702,fred
2005-03-11,-0.692,fred
2005-03-18,-0.679,fred
2005-03-25,-0.665,fred
2005-04-01,-0.65,fred
2005-04-08,-0.637,fred
2005-04-15,-0.626,fred
2005-04-22,-0.617,fred
2005-04-29,-0.609,fred
2005-05-06,-0.604,fred
2005-05-13,-0.6,fred
2005-05-20,-0.599,fred
2005-05-27,-0.599,fred
2005-06-03,-0.599,fred
2005-06-10,-0.6,fred
2005-06-17,-0.601,fred
2005-06-24,-0.603,fred
2005-07-01,-0.605,fred
2005-07-08,-0.607,fred
2005-07-15,-0.61,fred
2005-07-22,-0.612,fred
2005-07-29,-0.613,fred
2005-08-05,-0.612,fred
2005-08-12,-0.61,fred
2005-08-19,-0.605,fred
2005-08-26,-0.598,fred
2005-09-02,-0.59,fred
2005-09-09,-0.583,fred
2005-09-16,-0.575,fred
2005-09-23,-0.57,fred
2005-09-30,-0.566,fred
2005-10-07,-0.567,fred
2005-10-14,-0.571,fred
2005-10-21,-0.577,fred
2005-10-28,-0.583,fred
2005-11-04,-0.587,fred
2005-11-11,-0.588,fred
2005-11-18,-0.585,fred
2005-11-25,-0.58,fred
2005-12-02,-0.574,fred
2005-12-09,-0.567,fred
2005-12-16,-0.562,fred
2005-12-23,-0.561,fred
2005-12-30,-0.563,fred
2006-01-06,-0.569,fred
2006-01-13,-0.579,fred
2006-01-20,-0.59,fred
2006-01-27,-0.602,fred
2006-02-03,-0.613,fred
2006-02-10,-0.622,fred
2006-02-17,-0.629,fred
2006-02-24,-0.633,fred
2006-03-03,-0.634,fred
2006-03-10,-0.633,fred
2006-03-17,-0.632,fred
2006-03-24,-0.63,fred
2006-03-31,-0.628,fred
2006-04-07,-0.626,fred
2006-04-14,-0.623,fred
2006-04-21,-0.622,fred
2006-04-28,-0.619,fred
2006-05-05,-0.614,fred
2006-05-12,-0.606,fred
2006-05-19,-0.595,fred
2006-05-26,-0.582,fred
2006-06-02,-0.567,fred
2006-06-09,-0.554,fred
2006-06-16,-0.541,fred
2006-06-23,-0.532,fred
2006-06-30,-0.528,fred
2006-07-07,-0.529,fred
2006-07-14,-0.535,fred
2006-07-21,-0.545,fred
2006-07-28,-0.558,fred
2006-08-04,-0.572,fred
2006-08-11,-0.585,fred
2006-08-18,-0.596,fred
2006-08-25,-0.603,fred
2006-09-01,-0.606,fred
2006-09-08,-0.606,fred
2006-09-15,-0.605,fred
2006-09-22,-0.605,fred
2006-09-29,-0.606,fred
2006-10-06,-0.609,fred
2006-10-13,-0.615,fred
2006-10-20,-0.622,fred
2006-10-27,-0.628,fred
2006-11-03,-0.631,fred
2006-11-10,-0.632,fred
2006-11-17,-0.631,fred
2006-11-24,-0.627,fred
2006-12-01,-0.623,fred
2006-12-08,-0.62,fred
2006-12-15,-0.62,fred
2006-12-22,-0.624,fred
2006-12-29,-0.633,fred
2007-01-05,-0.645,fred
2007-01-12,-0.658,fred
2007-01-19,-0.67,fred
2007-01-26,-0.679,fred
2007-02-02,-0.683,fred
2007-02-09,-0.682,fred
2007-02-16,-0.674,fred
2007-02-23,-0.662,fred
2007-03-02,-0.646,fred
2007-03-09,-0.632,fred
2007-03-16,-0.62,fred
2007-03-23,-0.612,fred
2007-03-30,-0.606,fred
2007-04-06,-0.602,fred
2007-04-13,-0.598,fred
2007-04-20,-0.594,fred
2007-04-27,-0.587,fred
2007-05-04,-0.578,fred
2007-05-11,-0.57,fred
2007-05-18,-0.561,fred
2007-05-25,-0.552,fred
2007-06-01,-0.546,fred
2007-06-08,-0.543,fred
2007-06-15,-0.539,fred
2007-06-22,-0.534,fred
2007-06-29,-0.521,fred
2007-07-06,-0.496,fred
2007-07-13,-0.451,fred
2007-07-20,-0.383,fred
2007-07-27,-0.289,fred
2007-08-03,-0.177,fred
2007-08-10,-0.058,fred
2007-08-17,0.06,fred
2007-08-24,0.154,fred
2007-08-31,0.206,fred
2007-09-07,0.222,fred
2007-09-14,0.198,fred
2007-09-21,0.142,fred
2007-09-28,0.077,fred
2007-10-05,0.017,fred
2007-10-12,-0.023,fred
2007-10-19,-0.03,fred
2007-10-26,0.001,fred
2007-11-02,0.067,fred
2007-11-09,0.165,fred
2007-11-16,0.275,fred
2007-11-23,0.388,fred
2007-11-30,0.481,fred
2007-12-07,0.544,fred
2007-12-14,0.571,fred
2007-12-21,0.562,fred
2007-12-28,0.523,fred
2008-01-04,0.476,fred
2008-01-11,0.432,fred
2008-01-18,0.409,fred
2008-01-25,0.417,fred
2008-02-01,0.448,fred
2008-02-08,0.509,fred
2008-02-15,0.595,fred
2008-02-22,0.694,fred
2008-02-29,0.794,fred
2008-03-07,0.885,fred
2008-03-14,0.946,fred
2008-03-21,0.97,fred
2008-03-28,0.948,fred
2008-04-04,0.895,fred
2008-04-11,0.821,fred
2008-04-18,0.738,fred
2008-04-25,0.652,fred
2008-05-02,0.576,fred
2008-05-09,0.522,fred
2008-05-16,0.489,fred
2008-05-23,0.485,fred
2008-05-30,0.506,fred
2008-06-06,0.552,fred
2008-06-13,0.606,fred
2008-06-20,0.663,fred
2008-06-27,0.715,fred
2008-07-04,0.747,fred
2008-07-11,0.756,fred
2008-07-18,0.746,fred
2008-07-25,0.718,fred
2008-08-01,0.687,fred
2008-08-08,0.672,fred
2008-08-15,0.679,fred
2008-08-22,0.735,fred
2008-08-29,0.843,fred
2008-09-05,1.01,fred
2008-09-12,1.23,fred
2008-09-19,1.512,fred
2008-09-26,1.792,fred
2008-10-03,2.072,fred
2008-10-10,2.324,fred
2008-10-17,2.521,fred
2008-10-24,2.666,fred
2008-10-31,2.789,fred
2008-11-07,2.884,fred
2008-11-14,2.966,fred
2008-11-21,3.043,fred
2008-11-28,3.07,fred
2008-12-05,3.063,fred
2008-12-12,2.999,fred
2008-12-19,2.875,fred
2008-12-26,2.716,fred
2009-01-02,2.564,fred
2009-01-09,2.412,fred
2009-01-16,2.288,fred
2009-01-23,2.199,fred
2009-01-30,2.14,fred
2009-02-06,2.11,fred
2009-02-13,2.111,fred
2009-02-20,2.128,fred
2009-02-27,2.145,fred
2009-03-06,2.149,fred
2009-03-13,2.111,fred
2009-03-20,2.039,fred
2009-03-27,1.933,fred
2009-04-03,1.809,fred
2009-04-10,1.668,fred
2009-04-17,1.526,fred
2009-04-24,1.386,fred
2009-05-01,1.25,fred
2009-05-08,1.126,fred
2009-05-15,1.024,fred
2009-05-22,0.94,fred
2009-05-29,0.881,fred
2009-06-05,0.833,fred
2009-06-12,0.797,fred
2009-06-19,0.767,fred
2009-06-26,0.73,fred
2009-07-03,0.684,fred
2009-07-10,0.629,fred
2009-07-17,0.562,fred
2009-07-24,0.49,fred
2009-07-31,0.421,fred
2009-08-07,0.361,fred
2009-08-14,0.312,fred
2009-08-21,0.272,fred
2009-08-28,0.235,fred
2009-09-04,0.202,fred
2009-09-11,0.169,fred
2009-09-18,0.136,fred
2009-09-25,0.107,fred
2009-10-02,0.084,fred
2009-10-09,0.063,fred
2009-10-16,0.046,fred
2009-10-23,0.033,fred
2009-10-30,0.025,fred
2009-11-06,0.017,fred
2009-11-13,0.005,fred
2009-11-20,-0.009,fred
2009-11-27,-0.028,fred
2009-12-04,-0.053,fred
2009-12-11,-0.084,fred
2009-12-18,-0.117,fred
2009-12-25,-0.148,fred
2010-01-01,-0.173,fred
2010-01-08,-0.193,fred
2010-01-15,-0.203,fred
2010-01-22,-0.201,fred
2010-01-29,-0.197,fred
2010-02-05,-0.193,fred
2010-02-12,-0.196,fred
2010-02-19,-0.213,fred
2010-02-26,-0.242,fred
2010-03-05,-0.282,fred
2010-03-12,-0.328,fred
2010-03-19,-0.373,fred
2010-03-26,-0.414,fred
2010-04-02,-0.442,fred
2010-04-09,-0.454,fred
2010-04-16,-0.443,fred
2010-04-23,-0.407,fred
2010-04-30,-0.348,fred
2010-05-07,-0.271,fred
2010-05-14,-0.195,fred
2010-05-21,-0.122,fred
2010-05-28,-0.067,fred
2010-06-04,-0.036,fred
2010-06-11,-0.027,fred
2010-06-18,-0.041,fred
2010-06-25,-0.069,fred
2010-07-02,-0.103,fred
2010-07-09,-0.145,fred
2010-07-16,-0.185,fred
2010-07-23,-0.219,fred
2010-07-30,-0.243,fred
2010-08-06,-0.257,fred
2010-08-13,-0.263,fred
2010-08-20,-0.264,fred
2010-08-27,-0.266,fred
2010-09-03,-0.274,fred
2010-09-10,-0.288,fred
2010-09-17,-0.307,fred
2010-09-24,-0.329,fred
2010-10-01,-0.353,fred
2010-10-08,-0.377,fred
2010-10-15,-0.399,fred
2010-10-22,-0.417,fred
2010-10-29,-0.431,fred
2010-11-05,-0.44,fred
2010-11-12,-0.444,fred
2010-11-19,-0.446,fred
2010-11-26,-0.448,fred
2010-12-03,-0.454,fred
2010-12-10,-0.466,fred
2010-12-17,-0.481,fred
2010-12-24,-0.501,fred
2010-12-31,-0.522,fred
2011-01-07,-0.543,fred
2011-01-14,-0.564,fred
2011-01-21,-0.581,fred
2011-01-28,-0.593,fred
2011-02-04,-0.598,fred
2011-02-11,-0.597,fred
2011-02-18,-0.588,fred
2011-02-25,-0.573,fred
2011-03-04,-0.559,fred
2011-03-11,-0.549,fred
2011-03-18,-0.543,fred
2011-03-25,-0.548,fred
2011-04-01,-0.559,fred
2011-04-08,-0.573,fred
2011-04-15,-0.586,fred
2011-04-22,-0.595,fred
2011-04-29,-0.599,fred
2011-05-06,-0.596,fred
2011-05-13,-0.587,fred
2011-05-20,-0.574,fred
2011-05-27,-0.56,fred
2011-06-03,-0.547,fred
2011-06-10,-0.534,fred
2011-06-17,-0.526,fred
2011-06-24,-0.519,fred
2011-07-01,-0.511,fred
2011-07-08,-0.499,fred
2011-07-15,-0.476,fred
2011-07-22,-0.442,fred
2011-07-29,-0.393,fred
2011-08-05,-0.329,fred
2011-08-12,-0.257,fred
2011-08-19,-0.194,fred
2011-08-26,-0.135,fred
2011-09-02,-0.093,fred
2011-09-09,-0.061,fred
2011-09-16,-0.043,fred
2011-09-23,-0.034,fred
2011-09-30,-0.037,fred
2011-10-07,-0.049,fred
2011-10-14,-0.07,fred
2011-10-21,-0.088,fred
2011-10-28,-0.102,fred
2011-11-04,-0.104,fred
2011-11-11,-0.097,fred
2011-11-18,-0.084,fred
2011-11-25,-0.071,fred
2011-12-02,-0.07,fred
2011-12-09,-0.076,fred
2011-12-16,-0.09,fred
2011-12-23,-0.114,fred
2011-12-30,-0.148,fred
2012-01-06,-0.189,fred
2012-01-13,-0.236,fred
2012-01-20,-0.282,fred
2012-01-27,-0.323,fred
2012-02-03,-0.356,fred
2012-02-10,-0.38,fred
2012-02-17,-0.395,fred
2012-02-24,-0.407,fred
2012-03-02,-0.418,fred
2012-03-09,-0.426,fred
2012-03-16,-0.434,fred
2012-03-23,-0.437,fred
2012-03-30,-0.435,fred
2012-04-06,-0.427,fred
2012-04-13,-0.414,fred
2012-04-20,-0.398,fred
2012-04-27,-0.377,fred
2012-05-04,-0.351,fred
2012-05-11,-0.319,fred
2012-05-18,-0.286,fred
2012-05-25,-0.26,fred
2012-06-01,-0.241,fred
2012-06-08,-0.234,fred
2012-06-15,-0.239,fred
2012-06-22,-0.255,fred
2012-06-29,-0.274,fred
2012-07-06,-0.297,fred
2012-07-13,-0.321,fred
2012-07-20,-0.345,fred
2012-07-27,-0.366,fred
2012-08-03,-0.388,fred
2012-08-10,-0.407,fred
2012-08-17,-0.425,fred
2012-08-24,-0.443,fred
2012-08-31,-0.461,fred
2012-09-07,-0.48,fred
2012-09-14,-0.499,fred
2012-09-21,-0.515,fred
2012-09-28,-0.528,fred
2012-10-05,-0.539,fred
2012-10-12,-0.546,fred
2012-10-19,-0.55,fred
2012-10-26,-0.55,fred
2012-11-02,-0.548,fred
2012-11-09,-0.546,fred
2012-11-16,-0.545,fred
2012-11-23,-0.549,fred
2012-11-30,-0.555,fred
2012-12-07,-0.563,fred
2012-12-14,-0.575,fred
2012-12-21,-0.588,fred
2012-12-28,-0.6,fred
2013-01-04,-0.614,fred
2013-01-11,-0.627,fred
2013-01-18,-0.637,fred
2013-01-25,-0.643,fred
2013-02-01,-0.647,fred
2013-02-08,-0.648,fred
2013-02-15,-0.649,fred
2013-02-22,-0.65,fred
2013-03-01,-0.651,fred
2013-03-08,-0.653,fred
2013-03-15,-0.656,fred
2013-03-22,-0.659,fred
2013-03-29,-0.664,fred
2013-04-05,-0.671,fred
2013-04-12,-0.682,fred
2013-04-19,-0.693,fred
2013-04-26,-0.705,fred
2013-05-03,-0.715,fred
2013-05-10,-0.72,fred
2013-05-17,-0.717,fred
2013-05-24,-0.707,fred
2013-05-31,-0.691,fred
2013-06-07,-0.671,fred
2013-06-14,-0.652,fred
2013-06-21,-0.637,fred
2013-06-28,-0.629,fred
2013-07-05,-0.63,fred
2013-07-12,-0.637,fred
2013-07-19,-0.649,fred
2013-07-26,-0.661,fred
2013-08-02,-0.669,fred
2013-08-09,-0.673,fred
2013-08-16,-0.672,fred
2013-08-23,-0.668,fred
2013-08-30,-0.664,fred
2013-09-06,-0.663,fred
2013-09-13,-0.665,fred
2013-09-20,-0.669,fred
2013-09-27,-0.677,fred
2013-10-04,-0.687,fred
2013-10-11,-0.699,fred
2013-10-18,-0.713,fred
2013-10-25,-0.727,fred
2013-11-01,-0.738,fred
2013-11-08,-0.749,fred
2013-11-15,-0.758,fred
2013-11-22,-0.765,fred
2013-11-29,-0.77,fred
2013-12-06,-0.773,fred
2013-12-13,-0.776,fred
2013-12-20,-0.778,fred
2013-12-27,-0.779,fred
2014-01-03,-0.777,fred
2014-01-10,-0.774,fred
2014-01-17,-0.77,fred
2014-01-24,-0.766,fred
2014-01-31,-0.763,fred
2014-02-07,-0.764,fred
2014-02-14,-0.768,fred
2014-02-21,-0.772,fred
2014-02-28,-0.776,fred
2014-03-07,-0.779,fred
2014-03-14,-0.78,fred
2014-03-21,-0.779,fred
2014-03-28,-0.776,fred
2014-04-04,-0.774,fred
2014-04-11,-0.771,fred
2014-04-18,-0.77,fred
2014-04-25,-0.769,fred
2014-05-02,-0.77,fred
2014-05-09,-0.773,fred
2014-05-16,-0.777,fred
2014-05-23,-0.784,fred
2014-05-30,-0.789,fred
2014-06-06,-0.793,fred
2014-06-13,-0.793,fred
2014-06-20,-0.79,fred
2014-06-27,-0.783,fred
2014-07-04,-0.773,fred
2014-07-11,-0.761,fred
2014-07-18,-0.749,fred
2014-07-25,-0.739,fred
2014-08-01,-0.73,fred
2014-08-08,-0.725,fred
2014-08-15,-0.725,fred
2014-08-22,-0.724,fred
2014-08-29,-0.722,fred
2014-09-05,-0.716,fred
2014-09-12,-0.705,fred
2014-09-19,-0.69,fred
2014-09-26,-0.673,fred
2014-10-03,-0.656,fred
2014-10-10,-0.645,fred
2014-10-17,-0.637,fred
2014-10-24,-0.638,fred
2014-10-31,-0.643,fred
2014-11-07,-0.65,fred
2014-11-14,-0.656,fred
2014-11-21,-0.655,fred
2014-11-28,-0.649,fred
2014-12-05,-0.636,fred
2014-12-12,-0.616,fred
2014-12-19,-0.593,fred
2014-12-26,-0.571,fred
2015-01-02,-0.549,fred
2015-01-09,-0.531,fred
2015-01-16,-0.516,fred
2015-01-23,-0.508,fred
2015-01-30,-0.506,fred
2015-02-06,-0.508,fred
2015-02-13,-0.514,fred
2015-02-20,-0.522,fred
2015-02-27,-0.53,fred
2015-03-06,-0.537,fred
2015-03-13,-0.542,fred
2015-03-20,-0.546,fred
2015-03-27,-0.549,fred
2015-04-03,-0.551,fred
2015-04-10,-0.554,fred
2015-04-17,-0.555,fred
2015-04-24,-0.557,fred
2015-05-01,-0.557,fred
2015-05-08,-0.556,fred
2015-05-15,-0.555,fred
2015-05-22,-0.555,fred
2015-05-29,-0.554,fred
2015-06-05,-0.553,fred
2015-06-12,-0.551,fred
2015-06-19,-0.548,fred
2015-06-26,-0.545,fred
2015-07-03,-0.54,fred
2015-07-10,-0.534,fred
2015-07-17,-0.529,fred
2015-07-24,-0.518,fred
2015-07-31,-0.502,fred
2015-08-07,-0.481,fred
2015-08-14,-0.458,fred
2015-08-21,-0.433,fred
2015-08-28,-0.411,fred
2015-09-04,-0.397,fred
2015-09-11,-0.391,fred
2015-09-18,-0.391,fred
2015-09-25,-0.397,fred
2015-10-02,-0.407,fred
2015-10-09,-0.424,fred
2015-10-16,-0.44,fred
2015-10-23,-0.454,fred
2015-10-30,-0.465,fred
2015-11-06,-0.468,fred
2015-11-13,-0.464,fred
2015-11-20,-0.454,fred
2015-11-27,-0.439,fred
2015-12-04,-0.419,fred
2015-12-11,-0.395,fred
2015-12-18,-0.371,fred
2015-12-25,-0.349,fred
2016-01-01,-0.329,fred
2016-01-08,-0.312,fred
2016-01-15,-0.296,fred
2016-01-22,-0.284,fred
2016-01-29,-0.276,fred
2016-02-05,-0.272,fred
2016-02-12,-0.272,fred
2016-02-19,-0.283,fred
2016-02-26,-0.298,fred
2016-03-04,-0.318,fred
2016-03-11,-0.337,fred
2016-03-18,-0.355,fred
2016-03-25,-0.368,fred
2016-04-01,-0.377,fred
2016-04-08,-0.382,fred
2016-04-15,-0.385,fred
2016-04-22,-0.387,fred
2016-04-29,-0.386,fred
2016-05-06,-0.384,fred
2016-05-13,-0.381,fred
2016-05-20,-0.377,fred
2016-05-27,-0.373,fred
2016-06-03,-0.366,fred
2016-06-10,-0.36,fred
2016-06-17,-0.353,fred
2016-06-24,-0.349,fred
2016-07-01,-0.347,fred
2016-07-08,-0.35,fred
2016-07-15,-0.356,fred
2016-07-22,-0.362,fred
2016-07-29,-0.367,fred
2016-08-05,-0.37,fred
2016-08-12,-0.371,fred
2016-08-19,-0.369,fred
2016-08-26,-0.363,fred
2016-09-02,-0.356,fred
2016-09-09,-0.35,fred
2016-09-16,-0.345,fred
2016-09-23,-0.343,fred
2016-09-30,-0.346,fred
2016-10-07,-0.353,fred
2016-10-14,-0.362,fred
2016-10-21,-0.373,fred
2016-10-28,-0.386,fred
2016-11-04,-0.398,fred
2016-11-11,-0.412,fred
2016-11-18,-0.425,fred
2016-11-25,-0.436,fred
2016-12-02,-0.446,fred
2016-12-09,-0.455,fred
2016-12-16,-0.461,fred
2016-12-23,-0.467,fred
2016-12-30,-0.473,fred
2017-01-06,-0.479,fred
2017-01-13,-0.484,fred
2017-01-20,-0.489,fred
2017-01-27,-0.493,fred
2017-02-03,-0.495,fred
2017-02-10,-0.496,fred
2017-02-17,-0.496,fred
2017-02-24,-0.494,fred
2017-03-03,-0.492,fred
2017-03-10,-0.489,fred
2017-03-17,-0.486,fred
2017-03-24,-0.485,fred
2017-03-31,-0.486,fred
2017-04-07,-0.489,fred
2017-04-14,-0.495,fred
2017-04-21,-0.503,fred
2017-04-28,-0.513,fred
2017-05-05,-0.523,fred
2017-05-12,-0.533,fred
2017-05-19,-0.542,fred
2017-05-26,-0.551,fred
2017-06-02,-0.558,fred
2017-06-09,-0.563,fred
2017-06-16,-0.568,fred
2017-06-23,-0.571,fred
2017-06-30,-0.574,fred
2017-07-07,-0.577,fred
2017-07-14,-0.58,fred
2017-07-21,-0.582,fred
2017-07-28,-0.581,fred
2017-08-04,-0.578,fred
2017-08-11,-0.573,fred
2017-08-18,-0.567,fred
2017-08-25,-0.563,fred
2017-09-01,-0.561,fred
2017-09-08,-0.561,fred
2017-09-15,-0.563,fred
2017-09-22,-0.568,fred
2017-09-29,-0.573,fred
2017-10-06,-0.58,fred
2017-10-13,-0.587,fred
2017-10-20,-0.593,fred
2017-10-27,-0.599,fred
2017-11-03,-0.603,fred
2017-11-10,-0.605,fred
2017-11-17,-0.606,fred
2017-11-24,-0.607,fred
2017-12-01,-0.608,fred
2017-12-08,-0.609,fred
2017-12-15,-0.612,fred
2017-12-22,-0.615,fred
2017-12-29,-0.619,fred
2018-01-05,-0.622,fred
2018-01-12,-0.622,fred
2018-01-19,-0.618,fred
2018-01-26,-0.609,fred
2018-02-02,-0.595,fred
2018-02-09,-0.577,fred
2018-02-16,-0.562,fred
2018-02-23,-0.547,fred
2018-03-02,-0.532,fred
2018-03-09,-0.519,fred
2018-03-16,-0.508,fred
2018-03-23,-0.501,fred
2018-03-30,-0.5,fred
2018-04-06,-0.503,fred
2018-04-13,-0.514,fred
2018-04-20,-0.528,fred
2018-04-27,-0.541,fred
2018-05-04,-0.553,fred
2018-05-11,-0.562,fred
2018-05-18,-0.567,fred
2018-05-25,-0.567,fred
2018-06-01,-0.562,fred
2018-06-08,-0.556,fred
2018-06-15,-0.549,fred
2018-06-22,-0.544,fred
2018-06-29,-0.541,fred
2018-07-06,-0.542,fred
2018-07-13,-0.547,fred
2018-07-20,-0.555,fred
2018-07-27,-0.564,fred
2018-08-03,-0.573,fred
2018-08-10,-0.582,fred
2018-08-17,-0.589,fred
2018-08-24,-0.595,fred
2018-08-31,-0.599,fred
2018-09-07,-0.601,fred
2018-09-14,-0.601,fred
2018-09-21,-0.598,fred
2018-09-28,-0.593,fred
2018-10-05,-0.586,fred
2018-10-12,-0.576,fred
2018-10-19,-0.565,fred
2018-10-26,-0.551,fred
2018-11-02,-0.536,fred
2018-11-09,-0.52,fred
2018-11-16,-0.501,fred
2018-11-23,-0.48,fred
2018-11-30,-0.46,fred
2018-12-07,-0.441,fred
2018-12-14,-0.428,fred
2018-12-21,-0.422,fred
2018-12-28,-0.425,fred
2019-01-04,-0.437,fred
2019-01-11,-0.457,fred
2019-01-18,-0.48,fred
2019-01-25,-0.504,fred
2019-02-01,-0.528,fred
2019-02-08,-0.548,fred
2019-02-15,-0.565,fred
2019-02-22,-0.578,fred
2019-03-01,-0.587,fred
2019-03-08,-0.592,fred
2019-03-15,-0.596,fred
2019-03-22,-0.6,fred
2019-03-29,-0.602,fred
2019-04-05,-0.606,fred
2019-04-12,-0.61,fred
2019-04-19,-0.612,fred
2019-04-26,-0.611,fred
2019-05-03,-0.607,fred
2019-05-10,-0.601,fred
2019-05-17,-0.592,fred
2019-05-24,-0.585,fred
2019-05-31,-0.577,fred
2019-06-07,-0.571,fred
2019-06-14,-0.569,fred
2019-06-21,-0.569,fred
2019-06-28,-0.571,fred
2019-07-05,-0.575,fred
2019-07-12,-0.577,fred
2019-07-19,-0.576,fred
2019-07-26,-0.573,fred
2019-08-02,-0.565,fred
2019-08-09,-0.554,fred
2019-08-16,-0.543,fred
2019-08-23,-0.533,fred
2019-08-30,-0.523,fred
2019-09-06,-0.516,fred
2019-09-13,-0.511,fred
2019-09-20,-0.507,fred
2019-09-27,-0.507,fred
2019-10-04,-0.511,fred
2019-10-11,-0.52,fred
2019-10-18,-0.532,fred
2019-10-25,-0.546,fred
2019-11-01,-0.558,fred
2019-11-08,-0.567,fred
2019-11-15,-0.572,fred
2019-11-22,-0.571,fred
2019-11-29,-0.566,fred
2019-12-06,-0.557,fred
2019-12-13,-0.55,fred
2019-12-20,-0.546,fred
2019-12-27,-0.551,fred
2020-01-03,-0.564,fred
2020-01-10,-0.584,fred
2020-01-17,-0.606,fred
2020-01-24,-0.619,fred
2020-01-31,-0.617,fred
2020-02-07,-0.591,fred
2020-02-14,-0.531,fred
2020-02-21,-0.431,fred
2020-02-28,-0.293,fred
2020-03-06,-0.132,fred
2020-03-13,0.033,fred
2020-03-20,0.177,fred
2020-03-27,0.269,fred
2020-04-03,0.306,fred
2020-04-10,0.292,fred
2020-04-17,0.236,fred
2020-04-24,0.158,fred
2020-05-01,0.061,fred
2020-05-08,-0.038,fred
2020-05-15,-0.127,fred
2020-05-22,-0.206,fred
2020-05-29,-0.269,fred
2020-06-05,-0.315,fred
2020-06-12,-0.344,fred
2020-06-19,-0.366,fred
2020-06-26,-0.384,fred
2020-07-03,-0.401,fred
2020-07-10,-0.419,fred
2020-07-17,-0.438,fred
2020-07-24,-0.457,fred
2020-07-31,-0.474,fred
2020-08-07,-0.488,fred
2020-08-14,-0.498,fred
2020-08-21,-0.505,fred
2020-08-28,-0.507,fred
2020-09-04,-0.505,fred
2020-09-11,-0.501,fred
2020-09-18,-0.497,fred
2020-09-25,-0.491,fred
2020-10-02,-0.488,fred
2020-10-09,-0.488,fred
2020-10-16,-0.491,fred
2020-10-23,-0.497,fred
2020-10-30,-0.506,fred
2020-11-06,-0.519,fred
2020-11-13,-0.536,fred
2020-11-20,-0.552,fred
2020-11-27,-0.567,fred
2020-12-04,-0.579,fred
2020-12-11,-0.59,fred
2020-12-18,-0.597,fred
2020-12-25,-0.603,fred
2021-01-01,-0.608,fred
2021-01-08,-0.613,fred
2021-01-15,-0.615,fred
2021-01-22,-0.617,fred
2021-01-29,-0.618,fred
2021-02-05,-0.62,fred
2021-02-12,-0.622,fred
2021-02-19,-0.624,fred
2021-02-26,-0.626,fred
2021-03-05,-0.63,fred
2021-03-12,-0.635,fred
2021-03-19,-0.641,fred
2021-03-26,-0.648,fred
2021-04-02,-0.655,fred
2021-04-09,-0.663,fred
2021-04-16,-0.67,fred
2021-04-23,-0.676,fred
2021-04-30,-0.681,fred
2021-05-07,-0.686,fred
2021-05-14,-0.688,fred
2021-05-21,-0.69,fred
2021-05-28,-0.692,fred
2021-06-04,-0.693,fred
2021-06-11,-0.692,fred
2021-06-18,-0.689,fred
2021-06-25,-0.685,fred
2021-07-02,-0.68,fred
2021-07-09,-0.673,fred
2021-07-16,-0.666,fred
2021-07-23,-0.66,fred
2021-07-30,-0.654,fred
2021-08-06,-0.649,fred
2021-08-13,-0.647,fred
2021-08-20,-0.645,fred
2021-08-27,-0.646,fred
2021-09-03,-0.647,fred
2021-09-10,-0.649,fred
2021-09-17,-0.651,fred
2021-09-24,-0.652,fred
2021-10-01,-0.652,fred
2021-10-08,-0.65,fred
2021-10-15,-0.645,fred
2021-10-22,-0.635,fred
2021-10-29,-0.62,fred
2021-11-05,-0.603,fred
2021-11-12,-0.584,fred
2021-11-19,-0.566,fred
2021-11-26,-0.55,fred
2021-12-03,-0.539,fred
2021-12-10,-0.537,fred
2021-12-17,-0.54,fred
2021-12-24,-0.546,fred
2021-12-31,-0.555,fred
2022-01-07,-0.56,fred
2022-01-14,-0.56,fred
2022-01-21,-0.553,fred
2022-01-28,-0.539,fred
2022-02-04,-0.52,fred
2022-02-11,-0.495,fred
2022-02-18,-0.466,fred
2022-02-25,-0.437,fred
2022-03-04,-0.41,fred
2022-03-11,-0.389,fred
2022-03-18,-0.378,fred
2022-03-25,-0.372,fred
2022-04-01,-0.369,fred
2022-04-08,-0.367,fred
2022-04-15,-0.36,fred
2022-04-22,-0.35,fred
2022-04-29,-0.335,fred
2022-05-06,-0.317,fred
2022-05-13,-0.298,fred
2022-05-20,-0.278,fred
2022-05-27,-0.257,fred
2022-06-03,-0.234,fred
2022-06-10,-0.209,fred
2022-06-17,-0.185,fred
2022-06-24,-0.17,fred
2022-07-01,-0.164,fred
2022-07-08,-0.167,fred
2022-07-15,-0.18,fred
2022-07-22,-0.199,fred
2022-07-29,-0.217,fred
2022-08-05,-0.23,fred
2022-08-12,-0.238,fred
2022-08-19,-0.236,fred
2022-08-26,-0.223,fred
2022-09-02,-0.202,fred
2022-09-09,-0.177,fred
2022-09-16,-0.149,fred
2022-09-23,-0.124,fred
2022-09-30,-0.105,fred
2022-10-07,-0.097,fred
2022-10-14,-0.099,fred
2022-10-21,-0.109,fred
2022-10-28,-0.124,fred
2022-11-04,-0.141,fred
2022-11-11,-0.158,fred
2022-11-18,-0.171,fred
2022-11-25,-0.179,fred
2022-12-02,-0.184,fred
2022-12-09,-0.187,fred
2022-12-16,-0.194,fred
2022-12-23,-0.204,fred
2022-12-30,-0.221,fred
2023-01-06,-0.244,fred
2023-01-13,-0.268,fred
2023-01-20,-0.289,fred
2023-01-27,-0.305,fred
2023-02-03,-0.312,fred
2023-02-10,-0.308,fred
2023-02-17,-0.294,fred
2023-02-24,-0.268,fred
2023-03-03,-0.238,fred
2023-03-10,-0.205,fred
2023-03-17,-0.174,fred
2023-03-24,-0.155,fred
2023-03-31,-0.151,fred
2023-04-07,-0.154,fred
2023-04-14,-0.165,fred
2023-04-21,-0.179,fred
2023-04-28,-0.189,fred
2023-05-05,-0.198,fred
2023-05-12,-0.205,fred
2023-05-19,-0.209,fred
2023-05-26,-0.212,fred
2023-06-02,-0.214,fred
2023-06-09,-0.215,fred
2023-06-16,-0.217,fred
2023-06-23,-0.221,fred
2023-06-30,-0.227,fred
2023-07-07,-0.235,fred
2023-07-14,-0.248,fred
2023-07-21,-0.263,fred
2023-07-28,-0.278,fred
2023-08-04,-0.296,fred
2023-08-11,-0.311,fred
2023-08-18,-0.323,fred
2023-08-25,-0.332,fred
2023-09-01,-0.337,fred
2023-09-08,-0.337,fred
2023-09-15,-0.332,fred
2023-09-22,-0.323,fred
2023-09-29,-0.311,fred
2023-10-06,-0.3,fred
2023-10-13,-0.29,fred
2023-10-20,-0.284,fred
2023-10-27,-0.284,fred
2023-11-03,-0.288,fred
2023-11-10,-0.297,fred
2023-11-17,-0.308,fred
2023-11-24,-0.319,fred
2023-12-01,-0.33,fred
2023-12-08,-0.339,fred
2023-12-15,-0.347,fred
2023-12-22,-0.357,fred
2023-12-29,-0.365,fred
2024-01-05,-0.373,fred
2024-01-12,-0.381,fred
2024-01-19,-0.388,fred
2024-01-26,-0.394,fred
2024-02-02,-0.401,fred
2024-02-09,-0.408,fred
2024-02-16,-0.416,fred
2024-02-23,-0.424,fred
2024-03-01,-0.431,fred
2024-03-08,-0.435,fred
2024-03-15,-0.436,fred
2024-03-22,-0.434,fred
2024-03-29,-0.43,fred
2024-04-05,-0.424,fred
2024-04-12,-0.418,fred
2024-04-19,-0.413,fred
2024-04-26,-0.411,fred
2024-05-03,-0.41,fred
2024-05-10,-0.411,fred
2024-05-17,-0.411,fred
2024-05-24,-0.41,fred
2024-05-31,-0.407,fred
2024-06-07,-0.401,fred
2024-06-14,-0.393,fred
2024-06-21,-0.386,fred
2024-06-28,-0.379,fred
2024-07-05,-0.373,fred
2024-07-12,-0.368,fred
2024-07-19,-0.363,fred
2024-07-26,-0.359,fred
2024-08-02,-0.357,fred
2024-08-09,-0.359,fred
2024-08-16,-0.367,fred
2024-08-23,-0.377,fred
2024-08-30,-0.389,fred
2024-09-06,-0.4,fred
2024-09-13,-0.41,fred
2024-09-20,-0.419,fred
2024-09-27,-0.425,fred
2024-10-04,-0.43,fred
2024-10-11,-0.433,fred
2024-10-18,-0.438,fred
2024-10-25,-0.443,fred
2024-11-01,-0.449,fred
2024-11-08,-0.457,fred
2024-11-15,-0.464,fred
2024-11-22,-0.469,fred
2024-11-29,-0.473,fred
2024-12-06,-0.475,fred
2024-12-13,-0.477,fred
2024-12-20,-0.478,fred
2024-12-27,-0.482,fred
2025-01-03,-0.486,fred
2025-01-10,-0.492,fred
2025-01-17,-0.498,fred
2025-01-24,-0.503,fred
2025-01-31,-0.505,fred
2025-02-07,-0.504,fred
2025-02-14,-0.5,fred
2025-02-21,-0.491,fred
2025-02-28,-0.477,fred
2025-03-07,-0.46,fred
2025-03-14,-0.442,fred
2025-03-21,-0.424,fred
2025-03-28,-0.407,fred
2025-04-04,-0.392,fred
2025-04-11,-0.381,fred
2025-04-18,-0.382,fred
2025-04-25,-0.388,fred
2025-05-02,-0.402,fred
2025-05-09,-0.419,fred
2025-05-16,-0.437,fred
2025-05-23,-0.451,fred
2025-05-30,-0.464,fred
2025-06-06,-0.473,fred
2025-06-13,-0.48,fred
2025-06-20,-0.487,fred
2025-06-27,-0.493,fred
2025-07-04,-0.5,fred
2025-07-11,-0.506,fred
2025-07-18,-0.511,fred
2025-07-25,-0.515,fred
2025-08-01,-0.518,fred
2025-08-08,-0.52,fred
2025-08-15,-0.522,fred
2025-08-22,-0.523,fred
2025-08-29,-0.524,fred
2025-09-05,-0.524,fred
2025-09-12,-0.524,fred
2025-09-19,-0.523,fred
2025-09-26,-0.522,fred
2025-10-03,-0.521,fred
2025-10-10,-0.519,fred
2025-10-17,-0.516,fred
2025-10-24,-0.513,fred
2025-10-31,-0.51,fred
2025-11-07,-0.506,fred
2025-11-14,-0.504,fred
2025-11-21,-0.504,fred
2025-11-28,-0.505,fred
2025-12-05,-0.508,fred
2025-12-12,-0.513,fred
2025-12-19,-0.522,fred
2025-12-26,-0.533,fred
2026-01-02,-0.545,fred
2026-01-09,-0.556,fred
2026-01-16,-0.562,fred
2026-01-23,-0.564,fred
2026-01-30,-0.56,fred
2026-02-06,-0.552,fred
2026-02-13,-0.539,fred
2026-02-20,-0.522,fred
2026-02-27,-0.503,fred
2026-03-06,-0.484,fred
2026-03-13,-0.468,fred
2026-03-20,-0.458,fred
2026-03-27,-0.454,fred
2026-04-03,-0.459,fred
2026-04-10,-0.469,fred
2026-04-17,-0.48,fred
2026-04-24,-0.489,fred
2026-05-01,-0.496,fred
2026-05-08,-0.5,fred
2026-05-15,-0.499,fred
2026-05-22,-0.497,fred
2026-05-29,-0.495,fred
2026-06-05,-0.494,fred
2026-06-12,-0.496,fred
2026-06-19,-0.502,fred
2026-06-26,-0.511,fred
2026-07-03,-0.525,fred
2026-07-10,-0.539,fred
2026-07-17,-0.552,fred
